<?xml version="1.0" encoding="UTF-8" ?>
<list>
  <org.jeecgframework.core.common.model.common.DBTable>
    <tableName>cgform_head</tableName>
    <tableEntityClass>org.jeecgframework.web.cgform.pojo.config.CgFormHeadPojo</tableEntityClass>
    <tableData>
      <org.jeecgframework.web.cgform.pojo.config.CgFormHeadPojo>
        <id>8a5168f365bd6a600165bd819d6f0009</id>
        <tableName>course</tableName>
        <isTree>N</isTree>
        <isPagination>Y</isPagination>
        <isDbsynch>Y</isDbsynch>
        <isCheckbox>N</isCheckbox>
        <querymode>single</querymode>
        <content>课程表</content>
        <createDate class="sql-timestamp">2018-09-09 08:45:13.0</createDate>
        <createBy>admin</createBy>
        <createName>管理员</createName>
        <updateDate class="sql-timestamp">2018-10-10 09:25:00.0</updateDate>
        <updateBy>admin</updateBy>
        <updateName>管理员</updateName>
        <jformVersion>31</jformVersion>
        <jformType>2</jformType>
        <jformPkType>UUID</jformPkType>
        <jformPkSequence></jformPkSequence>
        <relationType>0</relationType>
        <subTableStr>course_chapter_item,file_info</subTableStr>
        <treeIdFieldname>id</treeIdFieldname>
        <jformCategory>bdfl_ptbd</jformCategory>
        <formTemplate></formTemplate>
        <formTemplateMobile></formTemplateMobile>
        <tableType></tableType>
      </org.jeecgframework.web.cgform.pojo.config.CgFormHeadPojo>
    </tableData>
  </org.jeecgframework.core.common.model.common.DBTable>
  <org.jeecgframework.core.common.model.common.DBTable>
    <tableName>cgform_index</tableName>
    <tableEntityClass>org.jeecgframework.web.cgform.pojo.config.CgFormIndexPojo</tableEntityClass>
    <tableData/>
  </org.jeecgframework.core.common.model.common.DBTable>
  <org.jeecgframework.core.common.model.common.DBTable>
    <tableName>cgform_field</tableName>
    <tableEntityClass>org.jeecgframework.web.cgform.pojo.config.CgFormFieldPojo</tableEntityClass>
    <tableData>
      <org.jeecgframework.web.cgform.pojo.config.CgFormFieldPojo>
        <id>8a4c598c65c76b220165c7a4077e0002</id>
        <fieldName>create_user_id</fieldName>
        <tableId>8a5168f365bd6a600165bd819d6f0009</tableId>
        <length>36</length>
        <pointLength>0</pointLength>
        <type>string</type>
        <isNull>Y</isNull>
        <orderNum>2</orderNum>
        <isKey>N</isKey>
        <isShow>N</isShow>
        <isShowList>Y</isShowList>
        <showType>text</showType>
        <isQuery>N</isQuery>
        <fieldLength>120</fieldLength>
        <fieldHref></fieldHref>
        <fieldValidType></fieldValidType>
        <queryMode>single</queryMode>
        <content>创建教师id</content>
        <createDate class="sql-timestamp">2018-09-11 07:59:00.0</createDate>
        <createBy>admin</createBy>
        <createName>管理员</createName>
        <updateDate class="sql-timestamp">2018-10-10 09:01:21.0</updateDate>
        <updateBy>admin</updateBy>
        <updateName>管理员</updateName>
        <dictField></dictField>
        <dictTable></dictTable>
        <dictText></dictText>
        <mainTable></mainTable>
        <mainField></mainField>
        <oldFieldName>create_user_id</oldFieldName>
        <fieldDefault></fieldDefault>
      </org.jeecgframework.web.cgform.pojo.config.CgFormFieldPojo>
      <org.jeecgframework.web.cgform.pojo.config.CgFormFieldPojo>
        <id>8a5168f365bd6a600165bd819d70000a</id>
        <fieldName>id</fieldName>
        <tableId>8a5168f365bd6a600165bd819d6f0009</tableId>
        <length>36</length>
        <pointLength>0</pointLength>
        <type>string</type>
        <isNull>N</isNull>
        <orderNum>1</orderNum>
        <isKey>Y</isKey>
        <isShow>N</isShow>
        <isShowList>N</isShowList>
        <showType>text</showType>
        <isQuery>N</isQuery>
        <fieldLength>120</fieldLength>
        <fieldHref></fieldHref>
        <fieldValidType></fieldValidType>
        <queryMode>single</queryMode>
        <content>主键</content>
        <createDate class="sql-timestamp">2018-09-09 08:45:13.0</createDate>
        <createBy>admin</createBy>
        <createName>管理员</createName>
        <updateDate class="sql-timestamp">2018-10-08 11:25:16.0</updateDate>
        <updateBy>admin</updateBy>
        <updateName>管理员</updateName>
        <dictField></dictField>
        <dictTable></dictTable>
        <dictText></dictText>
        <mainTable></mainTable>
        <mainField></mainField>
        <oldFieldName>id</oldFieldName>
        <fieldDefault></fieldDefault>
      </org.jeecgframework.web.cgform.pojo.config.CgFormFieldPojo>
      <org.jeecgframework.web.cgform.pojo.config.CgFormFieldPojo>
        <id>8a5168f365bd6a600165bd819d70000b</id>
        <fieldName>name</fieldName>
        <tableId>8a5168f365bd6a600165bd819d6f0009</tableId>
        <length>32</length>
        <pointLength>0</pointLength>
        <type>string</type>
        <isNull>Y</isNull>
        <orderNum>3</orderNum>
        <isKey>N</isKey>
        <isShow>Y</isShow>
        <isShowList>Y</isShowList>
        <showType>text</showType>
        <isQuery>Y</isQuery>
        <fieldLength>120</fieldLength>
        <fieldHref></fieldHref>
        <fieldValidType></fieldValidType>
        <queryMode>single</queryMode>
        <content>课程名称</content>
        <createDate class="sql-timestamp">2018-09-09 08:45:13.0</createDate>
        <createBy>admin</createBy>
        <createName>管理员</createName>
        <updateDate class="sql-timestamp">2018-10-08 11:25:16.0</updateDate>
        <updateBy>admin</updateBy>
        <updateName>管理员</updateName>
        <dictField></dictField>
        <dictTable></dictTable>
        <dictText></dictText>
        <mainTable></mainTable>
        <mainField></mainField>
        <oldFieldName>name</oldFieldName>
        <fieldDefault></fieldDefault>
      </org.jeecgframework.web.cgform.pojo.config.CgFormFieldPojo>
      <org.jeecgframework.web.cgform.pojo.config.CgFormFieldPojo>
        <id>8a5168f365bd6a600165bd819d71000c</id>
        <fieldName>description</fieldName>
        <tableId>8a5168f365bd6a600165bd819d6f0009</tableId>
        <length>500</length>
        <pointLength>0</pointLength>
        <type>string</type>
        <isNull>Y</isNull>
        <orderNum>4</orderNum>
        <isKey>N</isKey>
        <isShow>Y</isShow>
        <isShowList>N</isShowList>
        <showType>textarea</showType>
        <isQuery>N</isQuery>
        <fieldLength>120</fieldLength>
        <fieldHref></fieldHref>
        <fieldValidType></fieldValidType>
        <queryMode>single</queryMode>
        <content>课程描述</content>
        <createDate class="sql-timestamp">2018-09-09 08:45:13.0</createDate>
        <createBy>admin</createBy>
        <createName>管理员</createName>
        <updateDate class="sql-timestamp">2018-10-08 11:25:16.0</updateDate>
        <updateBy>admin</updateBy>
        <updateName>管理员</updateName>
        <dictField></dictField>
        <dictTable></dictTable>
        <dictText></dictText>
        <mainTable></mainTable>
        <mainField></mainField>
        <oldFieldName>description</oldFieldName>
        <fieldDefault></fieldDefault>
      </org.jeecgframework.web.cgform.pojo.config.CgFormFieldPojo>
      <org.jeecgframework.web.cgform.pojo.config.CgFormFieldPojo>
        <id>8a5168f365bd6a600165bd819d72000d</id>
        <fieldName>weight</fieldName>
        <tableId>8a5168f365bd6a600165bd819d6f0009</tableId>
        <length>4</length>
        <pointLength>0</pointLength>
        <type>int</type>
        <isNull>Y</isNull>
        <orderNum>5</orderNum>
        <isKey>N</isKey>
        <isShow>Y</isShow>
        <isShowList>N</isShowList>
        <showType>text</showType>
        <isQuery>N</isQuery>
        <fieldLength>120</fieldLength>
        <fieldHref></fieldHref>
        <fieldValidType></fieldValidType>
        <queryMode>single</queryMode>
        <content>课程权重</content>
        <createDate class="sql-timestamp">2018-09-09 08:45:13.0</createDate>
        <createBy>admin</createBy>
        <createName>管理员</createName>
        <updateDate class="sql-timestamp">2018-10-08 11:25:16.0</updateDate>
        <updateBy>admin</updateBy>
        <updateName>管理员</updateName>
        <dictField></dictField>
        <dictTable></dictTable>
        <dictText></dictText>
        <mainTable></mainTable>
        <mainField></mainField>
        <oldFieldName>weight</oldFieldName>
        <fieldDefault></fieldDefault>
      </org.jeecgframework.web.cgform.pojo.config.CgFormFieldPojo>
      <org.jeecgframework.web.cgform.pojo.config.CgFormFieldPojo>
        <id>8a5168f365bd6a600165bd819d73000e</id>
        <fieldName>image</fieldName>
        <tableId>8a5168f365bd6a600165bd819d6f0009</tableId>
        <length>50</length>
        <pointLength>0</pointLength>
        <type>string</type>
        <isNull>Y</isNull>
        <orderNum>6</orderNum>
        <isKey>N</isKey>
        <isShow>Y</isShow>
        <isShowList>Y</isShowList>
        <showType>image</showType>
        <isQuery>N</isQuery>
        <fieldLength>120</fieldLength>
        <fieldHref></fieldHref>
        <fieldValidType></fieldValidType>
        <queryMode>single</queryMode>
        <content>封面图</content>
        <createDate class="sql-timestamp">2018-09-09 08:45:13.0</createDate>
        <createBy>admin</createBy>
        <createName>管理员</createName>
        <updateDate class="sql-timestamp">2018-10-08 11:25:16.0</updateDate>
        <updateBy>admin</updateBy>
        <updateName>管理员</updateName>
        <dictField></dictField>
        <dictTable></dictTable>
        <dictText></dictText>
        <mainTable></mainTable>
        <mainField></mainField>
        <oldFieldName>image</oldFieldName>
        <fieldDefault></fieldDefault>
      </org.jeecgframework.web.cgform.pojo.config.CgFormFieldPojo>
      <org.jeecgframework.web.cgform.pojo.config.CgFormFieldPojo>
        <id>8a5168f365bd6a600165bd819d74000f</id>
        <fieldName>type</fieldName>
        <tableId>8a5168f365bd6a600165bd819d6f0009</tableId>
        <length>2</length>
        <pointLength>0</pointLength>
        <type>int</type>
        <isNull>Y</isNull>
        <orderNum>7</orderNum>
        <isKey>N</isKey>
        <isShow>Y</isShow>
        <isShowList>Y</isShowList>
        <showType>list</showType>
        <isQuery>N</isQuery>
        <fieldLength>120</fieldLength>
        <fieldHref></fieldHref>
        <fieldValidType></fieldValidType>
        <queryMode>single</queryMode>
        <content>课程类型</content>
        <createDate class="sql-timestamp">2018-09-09 08:45:13.0</createDate>
        <createBy>admin</createBy>
        <createName>管理员</createName>
        <updateDate class="sql-timestamp">2018-10-08 11:25:16.0</updateDate>
        <updateBy>admin</updateBy>
        <updateName>管理员</updateName>
        <dictField>course_type</dictField>
        <dictTable></dictTable>
        <dictText></dictText>
        <mainTable></mainTable>
        <mainField></mainField>
        <oldFieldName>type</oldFieldName>
        <fieldDefault></fieldDefault>
      </org.jeecgframework.web.cgform.pojo.config.CgFormFieldPojo>
      <org.jeecgframework.web.cgform.pojo.config.CgFormFieldPojo>
        <id>8a5168f365bd6a600165bd819d790010</id>
        <fieldName>status</fieldName>
        <tableId>8a5168f365bd6a600165bd819d6f0009</tableId>
        <length>2</length>
        <pointLength>0</pointLength>
        <type>int</type>
        <isNull>Y</isNull>
        <orderNum>8</orderNum>
        <isKey>N</isKey>
        <isShow>Y</isShow>
        <isShowList>Y</isShowList>
        <showType>list</showType>
        <isQuery>N</isQuery>
        <fieldLength>120</fieldLength>
        <fieldHref></fieldHref>
        <fieldValidType></fieldValidType>
        <queryMode>single</queryMode>
        <content>状态</content>
        <createDate class="sql-timestamp">2018-09-09 08:45:13.0</createDate>
        <createBy>admin</createBy>
        <createName>管理员</createName>
        <updateDate class="sql-timestamp">2018-10-08 11:25:16.0</updateDate>
        <updateBy>admin</updateBy>
        <updateName>管理员</updateName>
        <dictField>course_status</dictField>
        <dictTable></dictTable>
        <dictText></dictText>
        <mainTable></mainTable>
        <mainField></mainField>
        <oldFieldName>status</oldFieldName>
        <fieldDefault></fieldDefault>
      </org.jeecgframework.web.cgform.pojo.config.CgFormFieldPojo>
      <org.jeecgframework.web.cgform.pojo.config.CgFormFieldPojo>
        <id>8a5168f365bd6a600165bd819d7a0011</id>
        <fieldName>create_date</fieldName>
        <tableId>8a5168f365bd6a600165bd819d6f0009</tableId>
        <length>20</length>
        <pointLength>0</pointLength>
        <type>Date</type>
        <isNull>Y</isNull>
        <orderNum>9</orderNum>
        <isKey>N</isKey>
        <isShow>N</isShow>
        <isShowList>N</isShowList>
        <showType>date</showType>
        <isQuery>N</isQuery>
        <fieldLength>120</fieldLength>
        <fieldHref></fieldHref>
        <fieldValidType></fieldValidType>
        <queryMode>single</queryMode>
        <content>创建日期</content>
        <createDate class="sql-timestamp">2018-09-09 08:45:13.0</createDate>
        <createBy>admin</createBy>
        <createName>管理员</createName>
        <updateDate class="sql-timestamp">2018-10-08 11:25:16.0</updateDate>
        <updateBy>admin</updateBy>
        <updateName>管理员</updateName>
        <dictField></dictField>
        <dictTable></dictTable>
        <dictText></dictText>
        <mainTable></mainTable>
        <mainField></mainField>
        <oldFieldName>create_date</oldFieldName>
        <fieldDefault></fieldDefault>
      </org.jeecgframework.web.cgform.pojo.config.CgFormFieldPojo>
      <org.jeecgframework.web.cgform.pojo.config.CgFormFieldPojo>
        <id>8a5168f365bd6a600165bd819d7b0012</id>
        <fieldName>update_date</fieldName>
        <tableId>8a5168f365bd6a600165bd819d6f0009</tableId>
        <length>20</length>
        <pointLength>0</pointLength>
        <type>Date</type>
        <isNull>Y</isNull>
        <orderNum>10</orderNum>
        <isKey>N</isKey>
        <isShow>N</isShow>
        <isShowList>N</isShowList>
        <showType>date</showType>
        <isQuery>N</isQuery>
        <fieldLength>120</fieldLength>
        <fieldHref></fieldHref>
        <fieldValidType></fieldValidType>
        <queryMode>single</queryMode>
        <content>更新日期</content>
        <createDate class="sql-timestamp">2018-09-09 08:45:13.0</createDate>
        <createBy>admin</createBy>
        <createName>管理员</createName>
        <updateDate class="sql-timestamp">2018-10-08 11:25:16.0</updateDate>
        <updateBy>admin</updateBy>
        <updateName>管理员</updateName>
        <dictField></dictField>
        <dictTable></dictTable>
        <dictText></dictText>
        <mainTable></mainTable>
        <mainField></mainField>
        <oldFieldName>update_date</oldFieldName>
        <fieldDefault></fieldDefault>
      </org.jeecgframework.web.cgform.pojo.config.CgFormFieldPojo>
    </tableData>
  </org.jeecgframework.core.common.model.common.DBTable>
  <org.jeecgframework.core.common.model.common.DBTable>
    <tableName>cgform_button</tableName>
    <tableEntityClass>org.jeecgframework.web.cgform.entity.button.CgformButtonEntity</tableEntityClass>
    <tableData/>
  </org.jeecgframework.core.common.model.common.DBTable>
  <org.jeecgframework.core.common.model.common.DBTable>
    <tableName>cgform_enhance_js</tableName>
    <tableEntityClass>org.jeecgframework.web.cgform.entity.enhance.CgformEnhanceJsEntity</tableEntityClass>
    <tableData/>
  </org.jeecgframework.core.common.model.common.DBTable>
  <org.jeecgframework.core.common.model.common.DBTable>
    <tableName>cgform_button_sql</tableName>
    <tableEntityClass>org.jeecgframework.web.cgform.entity.button.CgformButtonSqlEntity</tableEntityClass>
    <tableData/>
  </org.jeecgframework.core.common.model.common.DBTable>
  <org.jeecgframework.core.common.model.common.DBTable>
    <tableName>cgform_ftl</tableName>
    <tableEntityClass>org.jeecgframework.web.cgform.entity.cgformftl.CgformFtlEntity</tableEntityClass>
    <tableData/>
  </org.jeecgframework.core.common.model.common.DBTable>
  <org.jeecgframework.core.common.model.common.DBTable>
    <tableName>cgform_uploadfiles</tableName>
    <tableEntityClass>org.jeecgframework.web.cgform.entity.upload.CgUploadEntity</tableEntityClass>
    <tableData/>
  </org.jeecgframework.core.common.model.common.DBTable>
  <org.jeecgframework.core.common.model.common.DBTable>
    <tableName>cgform_head</tableName>
    <tableEntityClass>org.jeecgframework.web.cgform.pojo.config.CgFormHeadPojo</tableEntityClass>
    <tableData>
      <org.jeecgframework.web.cgform.pojo.config.CgFormHeadPojo>
        <id>8a5168f365bd6a600165be7785fd008a</id>
        <tableName>course_chapter_item</tableName>
        <isTree>N</isTree>
        <isPagination>Y</isPagination>
        <isDbsynch>Y</isDbsynch>
        <isCheckbox>N</isCheckbox>
        <querymode>single</querymode>
        <content>课程章节信息</content>
        <createDate class="sql-timestamp">2018-09-09 13:13:49.0</createDate>
        <createBy>admin</createBy>
        <createName>管理员</createName>
        <updateDate class="sql-timestamp">2018-10-10 09:25:00.0</updateDate>
        <updateBy>admin</updateBy>
        <updateName>管理员</updateName>
        <jformVersion>22</jformVersion>
        <jformType>3</jformType>
        <jformPkType>UUID</jformPkType>
        <jformPkSequence></jformPkSequence>
        <relationType>0</relationType>
        <tabOrder>1</tabOrder>
        <treeIdFieldname>id</treeIdFieldname>
        <treeFieldname>chapter_name</treeFieldname>
        <jformCategory>bdfl_ptbd</jformCategory>
        <formTemplate></formTemplate>
        <formTemplateMobile></formTemplateMobile>
        <tableType></tableType>
      </org.jeecgframework.web.cgform.pojo.config.CgFormHeadPojo>
    </tableData>
  </org.jeecgframework.core.common.model.common.DBTable>
  <org.jeecgframework.core.common.model.common.DBTable>
    <tableName>cgform_index</tableName>
    <tableEntityClass>org.jeecgframework.web.cgform.pojo.config.CgFormIndexPojo</tableEntityClass>
    <tableData/>
  </org.jeecgframework.core.common.model.common.DBTable>
  <org.jeecgframework.core.common.model.common.DBTable>
    <tableName>cgform_field</tableName>
    <tableEntityClass>org.jeecgframework.web.cgform.pojo.config.CgFormFieldPojo</tableEntityClass>
    <tableData>
      <org.jeecgframework.web.cgform.pojo.config.CgFormFieldPojo>
        <id>8a5168f365bd6a600165be7785fd008b</id>
        <fieldName>id</fieldName>
        <tableId>8a5168f365bd6a600165be7785fd008a</tableId>
        <length>36</length>
        <pointLength>0</pointLength>
        <type>string</type>
        <isNull>N</isNull>
        <orderNum>1</orderNum>
        <isKey>Y</isKey>
        <isShow>N</isShow>
        <isShowList>N</isShowList>
        <showType>text</showType>
        <isQuery>N</isQuery>
        <fieldLength>120</fieldLength>
        <fieldHref></fieldHref>
        <fieldValidType></fieldValidType>
        <queryMode>single</queryMode>
        <content>主键</content>
        <createDate class="sql-timestamp">2018-09-09 13:13:49.0</createDate>
        <createBy>admin</createBy>
        <createName>管理员</createName>
        <updateDate class="sql-timestamp">2018-09-26 10:48:36.0</updateDate>
        <updateBy>admin</updateBy>
        <updateName>管理员</updateName>
        <dictField></dictField>
        <dictTable></dictTable>
        <dictText></dictText>
        <mainTable></mainTable>
        <mainField></mainField>
        <oldFieldName>id</oldFieldName>
        <fieldDefault></fieldDefault>
      </org.jeecgframework.web.cgform.pojo.config.CgFormFieldPojo>
      <org.jeecgframework.web.cgform.pojo.config.CgFormFieldPojo>
        <id>8a5168f365bd6a600165be7785fe008c</id>
        <fieldName>chapter_sort</fieldName>
        <tableId>8a5168f365bd6a600165be7785fd008a</tableId>
        <length>2</length>
        <pointLength>0</pointLength>
        <type>int</type>
        <isNull>Y</isNull>
        <orderNum>2</orderNum>
        <isKey>N</isKey>
        <isShow>Y</isShow>
        <isShowList>Y</isShowList>
        <showType>text</showType>
        <isQuery>N</isQuery>
        <fieldLength>120</fieldLength>
        <fieldHref></fieldHref>
        <fieldValidType></fieldValidType>
        <queryMode>single</queryMode>
        <content>章节排序编号</content>
        <createDate class="sql-timestamp">2018-09-09 13:13:49.0</createDate>
        <createBy>admin</createBy>
        <createName>管理员</createName>
        <updateDate class="sql-timestamp">2018-09-26 10:48:36.0</updateDate>
        <updateBy>admin</updateBy>
        <updateName>管理员</updateName>
        <dictField></dictField>
        <dictTable></dictTable>
        <dictText></dictText>
        <mainTable></mainTable>
        <mainField></mainField>
        <oldFieldName>chapter_sort</oldFieldName>
        <fieldDefault></fieldDefault>
      </org.jeecgframework.web.cgform.pojo.config.CgFormFieldPojo>
      <org.jeecgframework.web.cgform.pojo.config.CgFormFieldPojo>
        <id>8a5168f365bd6a600165be7785fe008d</id>
        <fieldName>course_id</fieldName>
        <tableId>8a5168f365bd6a600165be7785fd008a</tableId>
        <length>36</length>
        <pointLength>0</pointLength>
        <type>string</type>
        <isNull>Y</isNull>
        <orderNum>3</orderNum>
        <isKey>N</isKey>
        <isShow>N</isShow>
        <isShowList>N</isShowList>
        <showType>list</showType>
        <isQuery>N</isQuery>
        <fieldLength>120</fieldLength>
        <fieldHref></fieldHref>
        <fieldValidType></fieldValidType>
        <queryMode>single</queryMode>
        <content>课程编号</content>
        <createDate class="sql-timestamp">2018-09-09 13:13:49.0</createDate>
        <createBy>admin</createBy>
        <createName>管理员</createName>
        <updateDate class="sql-timestamp">2018-10-08 11:35:32.0</updateDate>
        <updateBy>admin</updateBy>
        <updateName>管理员</updateName>
        <dictField></dictField>
        <dictTable></dictTable>
        <dictText></dictText>
        <mainTable>course</mainTable>
        <mainField>id</mainField>
        <oldFieldName>course_id</oldFieldName>
        <fieldDefault></fieldDefault>
      </org.jeecgframework.web.cgform.pojo.config.CgFormFieldPojo>
      <org.jeecgframework.web.cgform.pojo.config.CgFormFieldPojo>
        <id>8a5168f365bd6a600165be7785fe008e</id>
        <fieldName>chapter_name</fieldName>
        <tableId>8a5168f365bd6a600165be7785fd008a</tableId>
        <length>60</length>
        <pointLength>0</pointLength>
        <type>string</type>
        <isNull>Y</isNull>
        <orderNum>4</orderNum>
        <isKey>N</isKey>
        <isShow>Y</isShow>
        <isShowList>Y</isShowList>
        <showType>text</showType>
        <isQuery>N</isQuery>
        <fieldLength>120</fieldLength>
        <fieldHref></fieldHref>
        <fieldValidType></fieldValidType>
        <queryMode>single</queryMode>
        <content>章节名称</content>
        <createDate class="sql-timestamp">2018-09-09 13:13:49.0</createDate>
        <createBy>admin</createBy>
        <createName>管理员</createName>
        <updateDate class="sql-timestamp">2018-10-05 13:47:20.0</updateDate>
        <updateBy>admin</updateBy>
        <updateName>管理员</updateName>
        <dictField></dictField>
        <dictTable></dictTable>
        <dictText></dictText>
        <mainTable></mainTable>
        <mainField></mainField>
        <oldFieldName>chapter_name</oldFieldName>
        <fieldDefault></fieldDefault>
      </org.jeecgframework.web.cgform.pojo.config.CgFormFieldPojo>
      <org.jeecgframework.web.cgform.pojo.config.CgFormFieldPojo>
        <id>8a5168f365bd6a600165be7785ff008f</id>
        <fieldName>parent_id</fieldName>
        <tableId>8a5168f365bd6a600165be7785fd008a</tableId>
        <length>36</length>
        <pointLength>0</pointLength>
        <type>string</type>
        <isNull>Y</isNull>
        <orderNum>5</orderNum>
        <isKey>N</isKey>
        <isShow>Y</isShow>
        <isShowList>Y</isShowList>
        <showType>text</showType>
        <isQuery>N</isQuery>
        <fieldLength>120</fieldLength>
        <fieldHref></fieldHref>
        <fieldValidType></fieldValidType>
        <queryMode>single</queryMode>
        <content>父级别编号</content>
        <createDate class="sql-timestamp">2018-09-09 13:13:49.0</createDate>
        <createBy>admin</createBy>
        <createName>管理员</createName>
        <updateDate class="sql-timestamp">2018-10-10 09:24:55.0</updateDate>
        <updateBy>admin</updateBy>
        <updateName>管理员</updateName>
        <dictField></dictField>
        <dictTable></dictTable>
        <dictText></dictText>
        <mainTable></mainTable>
        <mainField></mainField>
        <oldFieldName>parent_id</oldFieldName>
        <fieldDefault></fieldDefault>
      </org.jeecgframework.web.cgform.pojo.config.CgFormFieldPojo>
      <org.jeecgframework.web.cgform.pojo.config.CgFormFieldPojo>
        <id>8a5168f365bd6a600165be7785ff0090</id>
        <fieldName>file_info_id</fieldName>
        <tableId>8a5168f365bd6a600165be7785fd008a</tableId>
        <length>36</length>
        <pointLength>0</pointLength>
        <type>string</type>
        <isNull>Y</isNull>
        <orderNum>6</orderNum>
        <isKey>N</isKey>
        <isShow>Y</isShow>
        <isShowList>Y</isShowList>
        <showType>text</showType>
        <isQuery>N</isQuery>
        <fieldLength>120</fieldLength>
        <fieldHref></fieldHref>
        <fieldValidType></fieldValidType>
        <queryMode>single</queryMode>
        <content>文件</content>
        <createDate class="sql-timestamp">2018-09-09 13:13:49.0</createDate>
        <createBy>admin</createBy>
        <createName>管理员</createName>
        <updateDate class="sql-timestamp">2018-10-10 09:24:55.0</updateDate>
        <updateBy>admin</updateBy>
        <updateName>管理员</updateName>
        <dictField></dictField>
        <dictTable></dictTable>
        <dictText></dictText>
        <mainTable></mainTable>
        <mainField></mainField>
        <oldFieldName>file_info_id</oldFieldName>
        <fieldDefault></fieldDefault>
      </org.jeecgframework.web.cgform.pojo.config.CgFormFieldPojo>
      <org.jeecgframework.web.cgform.pojo.config.CgFormFieldPojo>
        <id>8a5168f365bd6a600165be7785ff0091</id>
        <fieldName>create_date</fieldName>
        <tableId>8a5168f365bd6a600165be7785fd008a</tableId>
        <length>20</length>
        <pointLength>0</pointLength>
        <type>Date</type>
        <isNull>Y</isNull>
        <orderNum>7</orderNum>
        <isKey>N</isKey>
        <isShow>N</isShow>
        <isShowList>N</isShowList>
        <showType>date</showType>
        <isQuery>N</isQuery>
        <fieldLength>120</fieldLength>
        <fieldHref></fieldHref>
        <fieldValidType></fieldValidType>
        <queryMode>single</queryMode>
        <content>创建日期</content>
        <createDate class="sql-timestamp">2018-09-09 13:13:49.0</createDate>
        <createBy>admin</createBy>
        <createName>管理员</createName>
        <updateDate class="sql-timestamp">2018-09-26 10:48:36.0</updateDate>
        <updateBy>admin</updateBy>
        <updateName>管理员</updateName>
        <dictField></dictField>
        <dictTable></dictTable>
        <dictText></dictText>
        <mainTable></mainTable>
        <mainField></mainField>
        <oldFieldName>create_date</oldFieldName>
        <fieldDefault></fieldDefault>
      </org.jeecgframework.web.cgform.pojo.config.CgFormFieldPojo>
      <org.jeecgframework.web.cgform.pojo.config.CgFormFieldPojo>
        <id>8a5168f365bd6a600165be7785ff0092</id>
        <fieldName>update_date</fieldName>
        <tableId>8a5168f365bd6a600165be7785fd008a</tableId>
        <length>20</length>
        <pointLength>0</pointLength>
        <type>Date</type>
        <isNull>Y</isNull>
        <orderNum>8</orderNum>
        <isKey>N</isKey>
        <isShow>N</isShow>
        <isShowList>N</isShowList>
        <showType>date</showType>
        <isQuery>N</isQuery>
        <fieldLength>120</fieldLength>
        <fieldHref></fieldHref>
        <fieldValidType></fieldValidType>
        <queryMode>single</queryMode>
        <content>更新日期</content>
        <createDate class="sql-timestamp">2018-09-09 13:13:49.0</createDate>
        <createBy>admin</createBy>
        <createName>管理员</createName>
        <updateDate class="sql-timestamp">2018-09-26 10:48:36.0</updateDate>
        <updateBy>admin</updateBy>
        <updateName>管理员</updateName>
        <dictField></dictField>
        <dictTable></dictTable>
        <dictText></dictText>
        <mainTable></mainTable>
        <mainField></mainField>
        <oldFieldName>update_date</oldFieldName>
        <fieldDefault></fieldDefault>
      </org.jeecgframework.web.cgform.pojo.config.CgFormFieldPojo>
    </tableData>
  </org.jeecgframework.core.common.model.common.DBTable>
  <org.jeecgframework.core.common.model.common.DBTable>
    <tableName>cgform_button</tableName>
    <tableEntityClass>org.jeecgframework.web.cgform.entity.button.CgformButtonEntity</tableEntityClass>
    <tableData/>
  </org.jeecgframework.core.common.model.common.DBTable>
  <org.jeecgframework.core.common.model.common.DBTable>
    <tableName>cgform_enhance_js</tableName>
    <tableEntityClass>org.jeecgframework.web.cgform.entity.enhance.CgformEnhanceJsEntity</tableEntityClass>
    <tableData/>
  </org.jeecgframework.core.common.model.common.DBTable>
  <org.jeecgframework.core.common.model.common.DBTable>
    <tableName>cgform_button_sql</tableName>
    <tableEntityClass>org.jeecgframework.web.cgform.entity.button.CgformButtonSqlEntity</tableEntityClass>
    <tableData/>
  </org.jeecgframework.core.common.model.common.DBTable>
  <org.jeecgframework.core.common.model.common.DBTable>
    <tableName>cgform_ftl</tableName>
    <tableEntityClass>org.jeecgframework.web.cgform.entity.cgformftl.CgformFtlEntity</tableEntityClass>
    <tableData/>
  </org.jeecgframework.core.common.model.common.DBTable>
  <org.jeecgframework.core.common.model.common.DBTable>
    <tableName>cgform_uploadfiles</tableName>
    <tableEntityClass>org.jeecgframework.web.cgform.entity.upload.CgUploadEntity</tableEntityClass>
    <tableData/>
  </org.jeecgframework.core.common.model.common.DBTable>
  <org.jeecgframework.core.common.model.common.DBTable>
    <tableName>cgform_head</tableName>
    <tableEntityClass>org.jeecgframework.web.cgform.pojo.config.CgFormHeadPojo</tableEntityClass>
    <tableData>
      <org.jeecgframework.web.cgform.pojo.config.CgFormHeadPojo>
        <id>297ef90565be17050165be3c72100023</id>
        <tableName>file_info</tableName>
        <isTree>N</isTree>
        <isPagination>Y</isPagination>
        <isDbsynch>Y</isDbsynch>
        <isCheckbox>N</isCheckbox>
        <querymode>single</querymode>
        <content>文件信息表</content>
        <createDate class="sql-timestamp">2018-09-09 12:09:17.0</createDate>
        <createBy>admin</createBy>
        <createName>管理员</createName>
        <updateDate class="sql-timestamp">2018-10-10 08:41:11.0</updateDate>
        <updateBy>admin</updateBy>
        <updateName>管理员</updateName>
        <jformVersion>27</jformVersion>
        <jformType>3</jformType>
        <jformPkType>UUID</jformPkType>
        <jformPkSequence></jformPkSequence>
        <relationType>0</relationType>
        <tabOrder>2</tabOrder>
        <treeIdFieldname>id</treeIdFieldname>
        <jformCategory>bdfl_ptbd</jformCategory>
        <formTemplate></formTemplate>
        <formTemplateMobile></formTemplateMobile>
        <tableType></tableType>
      </org.jeecgframework.web.cgform.pojo.config.CgFormHeadPojo>
    </tableData>
  </org.jeecgframework.core.common.model.common.DBTable>
  <org.jeecgframework.core.common.model.common.DBTable>
    <tableName>cgform_index</tableName>
    <tableEntityClass>org.jeecgframework.web.cgform.pojo.config.CgFormIndexPojo</tableEntityClass>
    <tableData/>
  </org.jeecgframework.core.common.model.common.DBTable>
  <org.jeecgframework.core.common.model.common.DBTable>
    <tableName>cgform_field</tableName>
    <tableEntityClass>org.jeecgframework.web.cgform.pojo.config.CgFormFieldPojo</tableEntityClass>
    <tableData>
      <org.jeecgframework.web.cgform.pojo.config.CgFormFieldPojo>
        <id>297ef90565be17050165be3c721e0024</id>
        <fieldName>id</fieldName>
        <tableId>297ef90565be17050165be3c72100023</tableId>
        <length>36</length>
        <pointLength>0</pointLength>
        <type>string</type>
        <isNull>N</isNull>
        <orderNum>1</orderNum>
        <isKey>Y</isKey>
        <isShow>N</isShow>
        <isShowList>N</isShowList>
        <showType>text</showType>
        <isQuery>N</isQuery>
        <fieldLength>120</fieldLength>
        <fieldHref></fieldHref>
        <fieldValidType></fieldValidType>
        <queryMode>single</queryMode>
        <content>主键</content>
        <createDate class="sql-timestamp">2018-09-09 12:09:17.0</createDate>
        <createBy>admin</createBy>
        <createName>管理员</createName>
        <updateDate class="sql-timestamp">2018-10-09 07:42:09.0</updateDate>
        <updateBy>admin</updateBy>
        <updateName>管理员</updateName>
        <dictField></dictField>
        <dictTable></dictTable>
        <dictText></dictText>
        <mainTable></mainTable>
        <mainField></mainField>
        <oldFieldName>id</oldFieldName>
        <fieldDefault></fieldDefault>
      </org.jeecgframework.web.cgform.pojo.config.CgFormFieldPojo>
      <org.jeecgframework.web.cgform.pojo.config.CgFormFieldPojo>
        <id>4028b88165be15580165be4258020044</id>
        <fieldName>name</fieldName>
        <tableId>297ef90565be17050165be3c72100023</tableId>
        <length>32</length>
        <pointLength>0</pointLength>
        <type>string</type>
        <isNull>Y</isNull>
        <orderNum>2</orderNum>
        <isKey>N</isKey>
        <isShow>Y</isShow>
        <isShowList>Y</isShowList>
        <showType>text</showType>
        <isQuery>N</isQuery>
        <fieldLength>120</fieldLength>
        <fieldHref></fieldHref>
        <fieldValidType></fieldValidType>
        <queryMode>single</queryMode>
        <content>文件名称</content>
        <createDate class="sql-timestamp">2018-09-09 12:15:43.0</createDate>
        <createBy>admin</createBy>
        <createName>管理员</createName>
        <updateDate class="sql-timestamp">2018-10-09 07:42:09.0</updateDate>
        <updateBy>admin</updateBy>
        <updateName>管理员</updateName>
        <dictField></dictField>
        <dictTable></dictTable>
        <dictText></dictText>
        <mainTable></mainTable>
        <mainField></mainField>
        <oldFieldName>name</oldFieldName>
        <fieldDefault></fieldDefault>
      </org.jeecgframework.web.cgform.pojo.config.CgFormFieldPojo>
      <org.jeecgframework.web.cgform.pojo.config.CgFormFieldPojo>
        <id>4028b88165be15580165be433e160048</id>
        <fieldName>course_id</fieldName>
        <tableId>297ef90565be17050165be3c72100023</tableId>
        <length>36</length>
        <pointLength>0</pointLength>
        <type>string</type>
        <isNull>Y</isNull>
        <orderNum>4</orderNum>
        <isKey>N</isKey>
        <isShow>N</isShow>
        <isShowList>N</isShowList>
        <showType>list</showType>
        <isQuery>N</isQuery>
        <fieldLength>120</fieldLength>
        <fieldHref></fieldHref>
        <fieldValidType></fieldValidType>
        <queryMode>single</queryMode>
        <content>课程编号</content>
        <createDate class="sql-timestamp">2018-09-09 12:16:42.0</createDate>
        <createBy>admin</createBy>
        <createName>管理员</createName>
        <updateDate class="sql-timestamp">2018-10-09 07:42:09.0</updateDate>
        <updateBy>admin</updateBy>
        <updateName>管理员</updateName>
        <dictField></dictField>
        <dictTable></dictTable>
        <dictText></dictText>
        <mainTable>course</mainTable>
        <mainField>id</mainField>
        <oldFieldName>course_id</oldFieldName>
        <fieldDefault></fieldDefault>
      </org.jeecgframework.web.cgform.pojo.config.CgFormFieldPojo>
      <org.jeecgframework.web.cgform.pojo.config.CgFormFieldPojo>
        <id>4028b88165be15580165be4465d2004c</id>
        <fieldName>file_describe</fieldName>
        <tableId>297ef90565be17050165be3c72100023</tableId>
        <length>1000</length>
        <pointLength>0</pointLength>
        <type>string</type>
        <isNull>Y</isNull>
        <orderNum>3</orderNum>
        <isKey>N</isKey>
        <isShow>Y</isShow>
        <isShowList>Y</isShowList>
        <showType>textarea</showType>
        <isQuery>N</isQuery>
        <fieldLength>120</fieldLength>
        <fieldHref></fieldHref>
        <fieldValidType></fieldValidType>
        <queryMode>single</queryMode>
        <content>文件描述</content>
        <createDate class="sql-timestamp">2018-09-09 12:17:58.0</createDate>
        <createBy>admin</createBy>
        <createName>管理员</createName>
        <updateDate class="sql-timestamp">2018-10-09 07:42:09.0</updateDate>
        <updateBy>admin</updateBy>
        <updateName>管理员</updateName>
        <dictField></dictField>
        <dictTable></dictTable>
        <dictText></dictText>
        <mainTable></mainTable>
        <mainField></mainField>
        <oldFieldName>describe</oldFieldName>
        <fieldDefault></fieldDefault>
      </org.jeecgframework.web.cgform.pojo.config.CgFormFieldPojo>
      <org.jeecgframework.web.cgform.pojo.config.CgFormFieldPojo>
        <id>4028b88165be15580165be4a48a50054</id>
        <fieldName>type</fieldName>
        <tableId>297ef90565be17050165be3c72100023</tableId>
        <length>2</length>
        <pointLength>0</pointLength>
        <type>int</type>
        <isNull>Y</isNull>
        <orderNum>5</orderNum>
        <isKey>N</isKey>
        <isShow>Y</isShow>
        <isShowList>Y</isShowList>
        <showType>list</showType>
        <isQuery>N</isQuery>
        <fieldLength>120</fieldLength>
        <fieldHref></fieldHref>
        <fieldValidType></fieldValidType>
        <queryMode>single</queryMode>
        <content>文件类型</content>
        <createDate class="sql-timestamp">2018-09-09 12:24:23.0</createDate>
        <createBy>admin</createBy>
        <createName>管理员</createName>
        <updateDate class="sql-timestamp">2018-10-09 07:42:09.0</updateDate>
        <updateBy>admin</updateBy>
        <updateName>管理员</updateName>
        <dictField>file_type</dictField>
        <dictTable></dictTable>
        <dictText></dictText>
        <mainTable></mainTable>
        <mainField></mainField>
        <oldFieldName>type</oldFieldName>
        <fieldDefault></fieldDefault>
      </org.jeecgframework.web.cgform.pojo.config.CgFormFieldPojo>
      <org.jeecgframework.web.cgform.pojo.config.CgFormFieldPojo>
        <id>4028b88165be15580165be4a48a60056</id>
        <fieldName>download_num</fieldName>
        <tableId>297ef90565be17050165be3c72100023</tableId>
        <length>32</length>
        <pointLength>0</pointLength>
        <type>int</type>
        <isNull>Y</isNull>
        <orderNum>7</orderNum>
        <isKey>N</isKey>
        <isShow>N</isShow>
        <isShowList>Y</isShowList>
        <showType>text</showType>
        <isQuery>N</isQuery>
        <fieldLength>120</fieldLength>
        <fieldHref></fieldHref>
        <fieldValidType></fieldValidType>
        <queryMode>single</queryMode>
        <content>下载量</content>
        <createDate class="sql-timestamp">2018-09-09 12:24:23.0</createDate>
        <createBy>admin</createBy>
        <createName>管理员</createName>
        <updateDate class="sql-timestamp">2018-10-09 07:42:09.0</updateDate>
        <updateBy>admin</updateBy>
        <updateName>管理员</updateName>
        <dictField></dictField>
        <dictTable></dictTable>
        <dictText></dictText>
        <mainTable></mainTable>
        <mainField></mainField>
        <oldFieldName>download_num</oldFieldName>
        <fieldDefault></fieldDefault>
      </org.jeecgframework.web.cgform.pojo.config.CgFormFieldPojo>
      <org.jeecgframework.web.cgform.pojo.config.CgFormFieldPojo>
        <id>4028b88165be15580165be4a48a70057</id>
        <fieldName>browse_num</fieldName>
        <tableId>297ef90565be17050165be3c72100023</tableId>
        <length>32</length>
        <pointLength>0</pointLength>
        <type>int</type>
        <isNull>Y</isNull>
        <orderNum>8</orderNum>
        <isKey>N</isKey>
        <isShow>N</isShow>
        <isShowList>Y</isShowList>
        <showType>text</showType>
        <isQuery>N</isQuery>
        <fieldLength>120</fieldLength>
        <fieldHref></fieldHref>
        <fieldValidType></fieldValidType>
        <queryMode>single</queryMode>
        <content>浏览量</content>
        <createDate class="sql-timestamp">2018-09-09 12:24:23.0</createDate>
        <createBy>admin</createBy>
        <createName>管理员</createName>
        <updateDate class="sql-timestamp">2018-10-09 07:42:09.0</updateDate>
        <updateBy>admin</updateBy>
        <updateName>管理员</updateName>
        <dictField></dictField>
        <dictTable></dictTable>
        <dictText></dictText>
        <mainTable></mainTable>
        <mainField></mainField>
        <oldFieldName>browse_num</oldFieldName>
        <fieldDefault></fieldDefault>
      </org.jeecgframework.web.cgform.pojo.config.CgFormFieldPojo>
      <org.jeecgframework.web.cgform.pojo.config.CgFormFieldPojo>
        <id>4028b88165be15580165be4a48a70058</id>
        <fieldName>create_date</fieldName>
        <tableId>297ef90565be17050165be3c72100023</tableId>
        <length>20</length>
        <pointLength>0</pointLength>
        <type>Date</type>
        <isNull>Y</isNull>
        <orderNum>9</orderNum>
        <isKey>N</isKey>
        <isShow>N</isShow>
        <isShowList>N</isShowList>
        <showType>text</showType>
        <isQuery>N</isQuery>
        <fieldLength>120</fieldLength>
        <fieldHref></fieldHref>
        <fieldValidType></fieldValidType>
        <queryMode>single</queryMode>
        <content>创建时间</content>
        <createDate class="sql-timestamp">2018-09-09 12:24:23.0</createDate>
        <createBy>admin</createBy>
        <createName>管理员</createName>
        <updateDate class="sql-timestamp">2018-10-09 07:42:09.0</updateDate>
        <updateBy>admin</updateBy>
        <updateName>管理员</updateName>
        <dictField></dictField>
        <dictTable></dictTable>
        <dictText></dictText>
        <mainTable></mainTable>
        <mainField></mainField>
        <oldFieldName>create_date</oldFieldName>
        <fieldDefault></fieldDefault>
      </org.jeecgframework.web.cgform.pojo.config.CgFormFieldPojo>
      <org.jeecgframework.web.cgform.pojo.config.CgFormFieldPojo>
        <id>4028b88165be15580165be4a48a80059</id>
        <fieldName>update_date</fieldName>
        <tableId>297ef90565be17050165be3c72100023</tableId>
        <length>20</length>
        <pointLength>0</pointLength>
        <type>Date</type>
        <isNull>Y</isNull>
        <orderNum>10</orderNum>
        <isKey>N</isKey>
        <isShow>N</isShow>
        <isShowList>N</isShowList>
        <showType>text</showType>
        <isQuery>N</isQuery>
        <fieldLength>120</fieldLength>
        <fieldHref></fieldHref>
        <fieldValidType></fieldValidType>
        <queryMode>single</queryMode>
        <content>最后一次更新时间</content>
        <createDate class="sql-timestamp">2018-09-09 12:24:23.0</createDate>
        <createBy>admin</createBy>
        <createName>管理员</createName>
        <updateDate class="sql-timestamp">2018-10-09 07:42:09.0</updateDate>
        <updateBy>admin</updateBy>
        <updateName>管理员</updateName>
        <dictField></dictField>
        <dictTable></dictTable>
        <dictText></dictText>
        <mainTable></mainTable>
        <mainField></mainField>
        <oldFieldName>update_date</oldFieldName>
        <fieldDefault></fieldDefault>
      </org.jeecgframework.web.cgform.pojo.config.CgFormFieldPojo>
      <org.jeecgframework.web.cgform.pojo.config.CgFormFieldPojo>
        <id>4028b88165be15580165be4c2d86005d</id>
        <fieldName>file_url</fieldName>
        <tableId>297ef90565be17050165be3c72100023</tableId>
        <length>200</length>
        <pointLength>0</pointLength>
        <type>string</type>
        <isNull>Y</isNull>
        <orderNum>6</orderNum>
        <isKey>N</isKey>
        <isShow>Y</isShow>
        <isShowList>Y</isShowList>
        <showType>file</showType>
        <isQuery>N</isQuery>
        <fieldLength>120</fieldLength>
        <fieldHref></fieldHref>
        <fieldValidType></fieldValidType>
        <queryMode>single</queryMode>
        <content>文件路径</content>
        <createDate class="sql-timestamp">2018-09-09 12:26:28.0</createDate>
        <createBy>admin</createBy>
        <createName>管理员</createName>
        <updateDate class="sql-timestamp">2018-10-09 07:42:09.0</updateDate>
        <updateBy>admin</updateBy>
        <updateName>管理员</updateName>
        <dictField></dictField>
        <dictTable></dictTable>
        <dictText></dictText>
        <mainTable></mainTable>
        <mainField></mainField>
        <oldFieldName>file_url</oldFieldName>
        <fieldDefault></fieldDefault>
      </org.jeecgframework.web.cgform.pojo.config.CgFormFieldPojo>
    </tableData>
  </org.jeecgframework.core.common.model.common.DBTable>
  <org.jeecgframework.core.common.model.common.DBTable>
    <tableName>cgform_button</tableName>
    <tableEntityClass>org.jeecgframework.web.cgform.entity.button.CgformButtonEntity</tableEntityClass>
    <tableData/>
  </org.jeecgframework.core.common.model.common.DBTable>
  <org.jeecgframework.core.common.model.common.DBTable>
    <tableName>cgform_enhance_js</tableName>
    <tableEntityClass>org.jeecgframework.web.cgform.entity.enhance.CgformEnhanceJsEntity</tableEntityClass>
    <tableData/>
  </org.jeecgframework.core.common.model.common.DBTable>
  <org.jeecgframework.core.common.model.common.DBTable>
    <tableName>cgform_button_sql</tableName>
    <tableEntityClass>org.jeecgframework.web.cgform.entity.button.CgformButtonSqlEntity</tableEntityClass>
    <tableData/>
  </org.jeecgframework.core.common.model.common.DBTable>
  <org.jeecgframework.core.common.model.common.DBTable>
    <tableName>cgform_ftl</tableName>
    <tableEntityClass>org.jeecgframework.web.cgform.entity.cgformftl.CgformFtlEntity</tableEntityClass>
    <tableData/>
  </org.jeecgframework.core.common.model.common.DBTable>
  <org.jeecgframework.core.common.model.common.DBTable>
    <tableName>cgform_uploadfiles</tableName>
    <tableEntityClass>org.jeecgframework.web.cgform.entity.upload.CgUploadEntity</tableEntityClass>
    <tableData/>
  </org.jeecgframework.core.common.model.common.DBTable>
</list>