<?xml version="1.0" encoding="UTF-8" ?>
<list>
  <org.jeecgframework.core.common.model.common.DBTable>
    <tableName>cgform_head</tableName>
    <tableEntityClass>org.jeecgframework.web.cgform.pojo.config.CgFormHeadPojo</tableEntityClass>
    <tableData>
      <org.jeecgframework.web.cgform.pojo.config.CgFormHeadPojo>
        <id>8a5168f365bd6a600165be7785fd008a</id>
        <tableName>course_chapter_item</tableName>
        <isTree>N</isTree>
        <isPagination>Y</isPagination>
        <isDbsynch>Y</isDbsynch>
        <isCheckbox>N</isCheckbox>
        <querymode>single</querymode>
        <content>课程章节信息</content>
        <createDate class="sql-timestamp">2018-09-09 13:13:49.0</createDate>
        <createBy>admin</createBy>
        <createName>管理员</createName>
        <updateDate class="sql-timestamp">2018-10-10 09:25:00.0</updateDate>
        <updateBy>admin</updateBy>
        <updateName>管理员</updateName>
        <jformVersion>22</jformVersion>
        <jformType>3</jformType>
        <jformPkType>UUID</jformPkType>
        <jformPkSequence></jformPkSequence>
        <relationType>0</relationType>
        <tabOrder>1</tabOrder>
        <treeIdFieldname>id</treeIdFieldname>
        <treeFieldname>chapter_name</treeFieldname>
        <jformCategory>bdfl_ptbd</jformCategory>
        <formTemplate></formTemplate>
        <formTemplateMobile></formTemplateMobile>
        <tableType></tableType>
      </org.jeecgframework.web.cgform.pojo.config.CgFormHeadPojo>
    </tableData>
  </org.jeecgframework.core.common.model.common.DBTable>
  <org.jeecgframework.core.common.model.common.DBTable>
    <tableName>cgform_index</tableName>
    <tableEntityClass>org.jeecgframework.web.cgform.pojo.config.CgFormIndexPojo</tableEntityClass>
    <tableData/>
  </org.jeecgframework.core.common.model.common.DBTable>
  <org.jeecgframework.core.common.model.common.DBTable>
    <tableName>cgform_field</tableName>
    <tableEntityClass>org.jeecgframework.web.cgform.pojo.config.CgFormFieldPojo</tableEntityClass>
    <tableData>
      <org.jeecgframework.web.cgform.pojo.config.CgFormFieldPojo>
        <id>8a5168f365bd6a600165be7785fd008b</id>
        <fieldName>id</fieldName>
        <tableId>8a5168f365bd6a600165be7785fd008a</tableId>
        <length>36</length>
        <pointLength>0</pointLength>
        <type>string</type>
        <isNull>N</isNull>
        <orderNum>1</orderNum>
        <isKey>Y</isKey>
        <isShow>N</isShow>
        <isShowList>N</isShowList>
        <showType>text</showType>
        <isQuery>N</isQuery>
        <fieldLength>120</fieldLength>
        <fieldHref></fieldHref>
        <fieldValidType></fieldValidType>
        <queryMode>single</queryMode>
        <content>主键</content>
        <createDate class="sql-timestamp">2018-09-09 13:13:49.0</createDate>
        <createBy>admin</createBy>
        <createName>管理员</createName>
        <updateDate class="sql-timestamp">2018-09-26 10:48:36.0</updateDate>
        <updateBy>admin</updateBy>
        <updateName>管理员</updateName>
        <dictField></dictField>
        <dictTable></dictTable>
        <dictText></dictText>
        <mainTable></mainTable>
        <mainField></mainField>
        <oldFieldName>id</oldFieldName>
        <fieldDefault></fieldDefault>
      </org.jeecgframework.web.cgform.pojo.config.CgFormFieldPojo>
      <org.jeecgframework.web.cgform.pojo.config.CgFormFieldPojo>
        <id>8a5168f365bd6a600165be7785fe008c</id>
        <fieldName>chapter_sort</fieldName>
        <tableId>8a5168f365bd6a600165be7785fd008a</tableId>
        <length>2</length>
        <pointLength>0</pointLength>
        <type>int</type>
        <isNull>Y</isNull>
        <orderNum>2</orderNum>
        <isKey>N</isKey>
        <isShow>Y</isShow>
        <isShowList>Y</isShowList>
        <showType>text</showType>
        <isQuery>N</isQuery>
        <fieldLength>120</fieldLength>
        <fieldHref></fieldHref>
        <fieldValidType></fieldValidType>
        <queryMode>single</queryMode>
        <content>章节排序编号</content>
        <createDate class="sql-timestamp">2018-09-09 13:13:49.0</createDate>
        <createBy>admin</createBy>
        <createName>管理员</createName>
        <updateDate class="sql-timestamp">2018-09-26 10:48:36.0</updateDate>
        <updateBy>admin</updateBy>
        <updateName>管理员</updateName>
        <dictField></dictField>
        <dictTable></dictTable>
        <dictText></dictText>
        <mainTable></mainTable>
        <mainField></mainField>
        <oldFieldName>chapter_sort</oldFieldName>
        <fieldDefault></fieldDefault>
      </org.jeecgframework.web.cgform.pojo.config.CgFormFieldPojo>
      <org.jeecgframework.web.cgform.pojo.config.CgFormFieldPojo>
        <id>8a5168f365bd6a600165be7785fe008d</id>
        <fieldName>course_id</fieldName>
        <tableId>8a5168f365bd6a600165be7785fd008a</tableId>
        <length>36</length>
        <pointLength>0</pointLength>
        <type>string</type>
        <isNull>Y</isNull>
        <orderNum>3</orderNum>
        <isKey>N</isKey>
        <isShow>N</isShow>
        <isShowList>N</isShowList>
        <showType>list</showType>
        <isQuery>N</isQuery>
        <fieldLength>120</fieldLength>
        <fieldHref></fieldHref>
        <fieldValidType></fieldValidType>
        <queryMode>single</queryMode>
        <content>课程编号</content>
        <createDate class="sql-timestamp">2018-09-09 13:13:49.0</createDate>
        <createBy>admin</createBy>
        <createName>管理员</createName>
        <updateDate class="sql-timestamp">2018-10-08 11:35:32.0</updateDate>
        <updateBy>admin</updateBy>
        <updateName>管理员</updateName>
        <dictField></dictField>
        <dictTable></dictTable>
        <dictText></dictText>
        <mainTable>course</mainTable>
        <mainField>id</mainField>
        <oldFieldName>course_id</oldFieldName>
        <fieldDefault></fieldDefault>
      </org.jeecgframework.web.cgform.pojo.config.CgFormFieldPojo>
      <org.jeecgframework.web.cgform.pojo.config.CgFormFieldPojo>
        <id>8a5168f365bd6a600165be7785fe008e</id>
        <fieldName>chapter_name</fieldName>
        <tableId>8a5168f365bd6a600165be7785fd008a</tableId>
        <length>60</length>
        <pointLength>0</pointLength>
        <type>string</type>
        <isNull>Y</isNull>
        <orderNum>4</orderNum>
        <isKey>N</isKey>
        <isShow>Y</isShow>
        <isShowList>Y</isShowList>
        <showType>text</showType>
        <isQuery>N</isQuery>
        <fieldLength>120</fieldLength>
        <fieldHref></fieldHref>
        <fieldValidType></fieldValidType>
        <queryMode>single</queryMode>
        <content>章节名称</content>
        <createDate class="sql-timestamp">2018-09-09 13:13:49.0</createDate>
        <createBy>admin</createBy>
        <createName>管理员</createName>
        <updateDate class="sql-timestamp">2018-10-05 13:47:20.0</updateDate>
        <updateBy>admin</updateBy>
        <updateName>管理员</updateName>
        <dictField></dictField>
        <dictTable></dictTable>
        <dictText></dictText>
        <mainTable></mainTable>
        <mainField></mainField>
        <oldFieldName>chapter_name</oldFieldName>
        <fieldDefault></fieldDefault>
      </org.jeecgframework.web.cgform.pojo.config.CgFormFieldPojo>
      <org.jeecgframework.web.cgform.pojo.config.CgFormFieldPojo>
        <id>8a5168f365bd6a600165be7785ff008f</id>
        <fieldName>parent_id</fieldName>
        <tableId>8a5168f365bd6a600165be7785fd008a</tableId>
        <length>36</length>
        <pointLength>0</pointLength>
        <type>string</type>
        <isNull>Y</isNull>
        <orderNum>5</orderNum>
        <isKey>N</isKey>
        <isShow>Y</isShow>
        <isShowList>Y</isShowList>
        <showType>text</showType>
        <isQuery>N</isQuery>
        <fieldLength>120</fieldLength>
        <fieldHref></fieldHref>
        <fieldValidType></fieldValidType>
        <queryMode>single</queryMode>
        <content>父级别编号</content>
        <createDate class="sql-timestamp">2018-09-09 13:13:49.0</createDate>
        <createBy>admin</createBy>
        <createName>管理员</createName>
        <updateDate class="sql-timestamp">2018-10-10 09:24:55.0</updateDate>
        <updateBy>admin</updateBy>
        <updateName>管理员</updateName>
        <dictField></dictField>
        <dictTable></dictTable>
        <dictText></dictText>
        <mainTable></mainTable>
        <mainField></mainField>
        <oldFieldName>parent_id</oldFieldName>
        <fieldDefault></fieldDefault>
      </org.jeecgframework.web.cgform.pojo.config.CgFormFieldPojo>
      <org.jeecgframework.web.cgform.pojo.config.CgFormFieldPojo>
        <id>8a5168f365bd6a600165be7785ff0090</id>
        <fieldName>file_info_id</fieldName>
        <tableId>8a5168f365bd6a600165be7785fd008a</tableId>
        <length>36</length>
        <pointLength>0</pointLength>
        <type>string</type>
        <isNull>Y</isNull>
        <orderNum>6</orderNum>
        <isKey>N</isKey>
        <isShow>Y</isShow>
        <isShowList>Y</isShowList>
        <showType>text</showType>
        <isQuery>N</isQuery>
        <fieldLength>120</fieldLength>
        <fieldHref></fieldHref>
        <fieldValidType></fieldValidType>
        <queryMode>single</queryMode>
        <content>文件</content>
        <createDate class="sql-timestamp">2018-09-09 13:13:49.0</createDate>
        <createBy>admin</createBy>
        <createName>管理员</createName>
        <updateDate class="sql-timestamp">2018-10-10 09:24:55.0</updateDate>
        <updateBy>admin</updateBy>
        <updateName>管理员</updateName>
        <dictField></dictField>
        <dictTable></dictTable>
        <dictText></dictText>
        <mainTable></mainTable>
        <mainField></mainField>
        <oldFieldName>file_info_id</oldFieldName>
        <fieldDefault></fieldDefault>
      </org.jeecgframework.web.cgform.pojo.config.CgFormFieldPojo>
      <org.jeecgframework.web.cgform.pojo.config.CgFormFieldPojo>
        <id>8a5168f365bd6a600165be7785ff0091</id>
        <fieldName>create_date</fieldName>
        <tableId>8a5168f365bd6a600165be7785fd008a</tableId>
        <length>20</length>
        <pointLength>0</pointLength>
        <type>Date</type>
        <isNull>Y</isNull>
        <orderNum>7</orderNum>
        <isKey>N</isKey>
        <isShow>N</isShow>
        <isShowList>N</isShowList>
        <showType>date</showType>
        <isQuery>N</isQuery>
        <fieldLength>120</fieldLength>
        <fieldHref></fieldHref>
        <fieldValidType></fieldValidType>
        <queryMode>single</queryMode>
        <content>创建日期</content>
        <createDate class="sql-timestamp">2018-09-09 13:13:49.0</createDate>
        <createBy>admin</createBy>
        <createName>管理员</createName>
        <updateDate class="sql-timestamp">2018-09-26 10:48:36.0</updateDate>
        <updateBy>admin</updateBy>
        <updateName>管理员</updateName>
        <dictField></dictField>
        <dictTable></dictTable>
        <dictText></dictText>
        <mainTable></mainTable>
        <mainField></mainField>
        <oldFieldName>create_date</oldFieldName>
        <fieldDefault></fieldDefault>
      </org.jeecgframework.web.cgform.pojo.config.CgFormFieldPojo>
      <org.jeecgframework.web.cgform.pojo.config.CgFormFieldPojo>
        <id>8a5168f365bd6a600165be7785ff0092</id>
        <fieldName>update_date</fieldName>
        <tableId>8a5168f365bd6a600165be7785fd008a</tableId>
        <length>20</length>
        <pointLength>0</pointLength>
        <type>Date</type>
        <isNull>Y</isNull>
        <orderNum>8</orderNum>
        <isKey>N</isKey>
        <isShow>N</isShow>
        <isShowList>N</isShowList>
        <showType>date</showType>
        <isQuery>N</isQuery>
        <fieldLength>120</fieldLength>
        <fieldHref></fieldHref>
        <fieldValidType></fieldValidType>
        <queryMode>single</queryMode>
        <content>更新日期</content>
        <createDate class="sql-timestamp">2018-09-09 13:13:49.0</createDate>
        <createBy>admin</createBy>
        <createName>管理员</createName>
        <updateDate class="sql-timestamp">2018-09-26 10:48:36.0</updateDate>
        <updateBy>admin</updateBy>
        <updateName>管理员</updateName>
        <dictField></dictField>
        <dictTable></dictTable>
        <dictText></dictText>
        <mainTable></mainTable>
        <mainField></mainField>
        <oldFieldName>update_date</oldFieldName>
        <fieldDefault></fieldDefault>
      </org.jeecgframework.web.cgform.pojo.config.CgFormFieldPojo>
    </tableData>
  </org.jeecgframework.core.common.model.common.DBTable>
  <org.jeecgframework.core.common.model.common.DBTable>
    <tableName>cgform_button</tableName>
    <tableEntityClass>org.jeecgframework.web.cgform.entity.button.CgformButtonEntity</tableEntityClass>
    <tableData/>
  </org.jeecgframework.core.common.model.common.DBTable>
  <org.jeecgframework.core.common.model.common.DBTable>
    <tableName>cgform_enhance_js</tableName>
    <tableEntityClass>org.jeecgframework.web.cgform.entity.enhance.CgformEnhanceJsEntity</tableEntityClass>
    <tableData/>
  </org.jeecgframework.core.common.model.common.DBTable>
  <org.jeecgframework.core.common.model.common.DBTable>
    <tableName>cgform_button_sql</tableName>
    <tableEntityClass>org.jeecgframework.web.cgform.entity.button.CgformButtonSqlEntity</tableEntityClass>
    <tableData/>
  </org.jeecgframework.core.common.model.common.DBTable>
  <org.jeecgframework.core.common.model.common.DBTable>
    <tableName>cgform_ftl</tableName>
    <tableEntityClass>org.jeecgframework.web.cgform.entity.cgformftl.CgformFtlEntity</tableEntityClass>
    <tableData/>
  </org.jeecgframework.core.common.model.common.DBTable>
  <org.jeecgframework.core.common.model.common.DBTable>
    <tableName>cgform_uploadfiles</tableName>
    <tableEntityClass>org.jeecgframework.web.cgform.entity.upload.CgUploadEntity</tableEntityClass>
    <tableData/>
  </org.jeecgframework.core.common.model.common.DBTable>
</list>