<?xml version="1.0" encoding="UTF-8" ?>
<list>
  <org.jeecgframework.core.common.model.common.DBTable>
    <tableName>cgform_head</tableName>
    <tableEntityClass>org.jeecgframework.web.cgform.pojo.config.CgFormHeadPojo</tableEntityClass>
    <tableData>
      <org.jeecgframework.web.cgform.pojo.config.CgFormHeadPojo>
        <id>297ef90565bd45230165bd89d076005b</id>
        <tableName>course_classify_item</tableName>
        <isTree>N</isTree>
        <isPagination>Y</isPagination>
        <isDbsynch>Y</isDbsynch>
        <isCheckbox>N</isCheckbox>
        <querymode>single</querymode>
        <content>课程分类信息</content>
        <createDate class="sql-timestamp">2018-09-09 08:54:10.0</createDate>
        <createBy>admin</createBy>
        <createName>管理员</createName>
        <updateDate class="sql-timestamp">2018-09-16 13:40:07.0</updateDate>
        <updateBy>admin</updateBy>
        <updateName>管理员</updateName>
        <jformVersion>4</jformVersion>
        <jformType>1</jformType>
        <jformPkType>UUID</jformPkType>
        <jformPkSequence></jformPkSequence>
        <relationType>0</relationType>
        <treeIdFieldname>id</treeIdFieldname>
        <jformCategory>bdfl_include</jformCategory>
        <formTemplate></formTemplate>
        <formTemplateMobile></formTemplateMobile>
        <tableType></tableType>
      </org.jeecgframework.web.cgform.pojo.config.CgFormHeadPojo>
    </tableData>
  </org.jeecgframework.core.common.model.common.DBTable>
  <org.jeecgframework.core.common.model.common.DBTable>
    <tableName>cgform_index</tableName>
    <tableEntityClass>org.jeecgframework.web.cgform.pojo.config.CgFormIndexPojo</tableEntityClass>
    <tableData/>
  </org.jeecgframework.core.common.model.common.DBTable>
  <org.jeecgframework.core.common.model.common.DBTable>
    <tableName>cgform_field</tableName>
    <tableEntityClass>org.jeecgframework.web.cgform.pojo.config.CgFormFieldPojo</tableEntityClass>
    <tableData>
      <org.jeecgframework.web.cgform.pojo.config.CgFormFieldPojo>
        <id>297ef90565bd45230165bd89d07a005c</id>
        <fieldName>id</fieldName>
        <tableId>297ef90565bd45230165bd89d076005b</tableId>
        <length>36</length>
        <pointLength>0</pointLength>
        <type>string</type>
        <isNull>N</isNull>
        <orderNum>1</orderNum>
        <isKey>Y</isKey>
        <isShow>N</isShow>
        <isShowList>N</isShowList>
        <showType>text</showType>
        <isQuery>N</isQuery>
        <fieldLength>120</fieldLength>
        <fieldHref></fieldHref>
        <fieldValidType></fieldValidType>
        <queryMode>single</queryMode>
        <content>主键</content>
        <createDate class="sql-timestamp">2018-09-09 08:54:10.0</createDate>
        <createBy>admin</createBy>
        <createName>管理员</createName>
        <updateDate class="sql-timestamp">2018-09-15 11:33:18.0</updateDate>
        <updateBy>admin</updateBy>
        <updateName>管理员</updateName>
        <dictField></dictField>
        <dictTable></dictTable>
        <dictText></dictText>
        <mainTable></mainTable>
        <mainField></mainField>
        <oldFieldName>id</oldFieldName>
        <fieldDefault></fieldDefault>
      </org.jeecgframework.web.cgform.pojo.config.CgFormFieldPojo>
      <org.jeecgframework.web.cgform.pojo.config.CgFormFieldPojo>
        <id>297ef90565bd45230165bd89d07b005d</id>
        <fieldName>course_classify_id</fieldName>
        <tableId>297ef90565bd45230165bd89d076005b</tableId>
        <length>36</length>
        <pointLength>0</pointLength>
        <type>string</type>
        <isNull>Y</isNull>
        <orderNum>2</orderNum>
        <isKey>N</isKey>
        <isShow>Y</isShow>
        <isShowList>Y</isShowList>
        <showType>list</showType>
        <isQuery>N</isQuery>
        <fieldLength>120</fieldLength>
        <fieldHref></fieldHref>
        <fieldValidType></fieldValidType>
        <queryMode>single</queryMode>
        <content>课程分类编号</content>
        <createDate class="sql-timestamp">2018-09-09 08:54:10.0</createDate>
        <createBy>admin</createBy>
        <createName>管理员</createName>
        <updateDate class="sql-timestamp">2018-09-16 13:40:07.0</updateDate>
        <updateBy>admin</updateBy>
        <updateName>管理员</updateName>
        <dictField>id</dictField>
        <dictTable>course_classify</dictTable>
        <dictText>name</dictText>
        <mainTable></mainTable>
        <mainField></mainField>
        <oldFieldName>course_classify_id</oldFieldName>
        <fieldDefault></fieldDefault>
      </org.jeecgframework.web.cgform.pojo.config.CgFormFieldPojo>
      <org.jeecgframework.web.cgform.pojo.config.CgFormFieldPojo>
        <id>297ef90565bd45230165bd89d07d005e</id>
        <fieldName>course_id</fieldName>
        <tableId>297ef90565bd45230165bd89d076005b</tableId>
        <length>36</length>
        <pointLength>0</pointLength>
        <type>string</type>
        <isNull>Y</isNull>
        <orderNum>3</orderNum>
        <isKey>N</isKey>
        <isShow>Y</isShow>
        <isShowList>Y</isShowList>
        <showType>list</showType>
        <isQuery>N</isQuery>
        <fieldLength>120</fieldLength>
        <fieldHref></fieldHref>
        <fieldValidType></fieldValidType>
        <queryMode>single</queryMode>
        <content>课程id</content>
        <createDate class="sql-timestamp">2018-09-09 08:54:10.0</createDate>
        <createBy>admin</createBy>
        <createName>管理员</createName>
        <updateDate class="sql-timestamp">2018-09-15 11:33:18.0</updateDate>
        <updateBy>admin</updateBy>
        <updateName>管理员</updateName>
        <dictField>id</dictField>
        <dictTable>course</dictTable>
        <dictText>name</dictText>
        <mainTable></mainTable>
        <mainField></mainField>
        <oldFieldName>course_id</oldFieldName>
        <fieldDefault></fieldDefault>
      </org.jeecgframework.web.cgform.pojo.config.CgFormFieldPojo>
      <org.jeecgframework.web.cgform.pojo.config.CgFormFieldPojo>
        <id>297ef90565bd45230165bd89d07e005f</id>
        <fieldName>create_date</fieldName>
        <tableId>297ef90565bd45230165bd89d076005b</tableId>
        <length>20</length>
        <pointLength>0</pointLength>
        <type>Date</type>
        <isNull>Y</isNull>
        <orderNum>4</orderNum>
        <isKey>N</isKey>
        <isShow>N</isShow>
        <isShowList>N</isShowList>
        <showType>date</showType>
        <isQuery>N</isQuery>
        <fieldLength>120</fieldLength>
        <fieldHref></fieldHref>
        <fieldValidType></fieldValidType>
        <queryMode>single</queryMode>
        <content>创建时间</content>
        <createDate class="sql-timestamp">2018-09-09 08:54:10.0</createDate>
        <createBy>admin</createBy>
        <createName>管理员</createName>
        <updateDate class="sql-timestamp">2018-09-15 11:33:18.0</updateDate>
        <updateBy>admin</updateBy>
        <updateName>管理员</updateName>
        <dictField></dictField>
        <dictTable></dictTable>
        <dictText></dictText>
        <mainTable></mainTable>
        <mainField></mainField>
        <oldFieldName>create_date</oldFieldName>
        <fieldDefault></fieldDefault>
      </org.jeecgframework.web.cgform.pojo.config.CgFormFieldPojo>
      <org.jeecgframework.web.cgform.pojo.config.CgFormFieldPojo>
        <id>297ef90565bd45230165bd89d07f0060</id>
        <fieldName>update_date</fieldName>
        <tableId>297ef90565bd45230165bd89d076005b</tableId>
        <length>20</length>
        <pointLength>0</pointLength>
        <type>Date</type>
        <isNull>Y</isNull>
        <orderNum>5</orderNum>
        <isKey>N</isKey>
        <isShow>N</isShow>
        <isShowList>N</isShowList>
        <showType>date</showType>
        <isQuery>N</isQuery>
        <fieldLength>120</fieldLength>
        <fieldHref></fieldHref>
        <fieldValidType></fieldValidType>
        <queryMode>single</queryMode>
        <content>最后更新时间</content>
        <createDate class="sql-timestamp">2018-09-09 08:54:10.0</createDate>
        <createBy>admin</createBy>
        <createName>管理员</createName>
        <updateDate class="sql-timestamp">2018-09-15 11:33:18.0</updateDate>
        <updateBy>admin</updateBy>
        <updateName>管理员</updateName>
        <dictField></dictField>
        <dictTable></dictTable>
        <dictText></dictText>
        <mainTable></mainTable>
        <mainField></mainField>
        <oldFieldName>update_date</oldFieldName>
        <fieldDefault></fieldDefault>
      </org.jeecgframework.web.cgform.pojo.config.CgFormFieldPojo>
    </tableData>
  </org.jeecgframework.core.common.model.common.DBTable>
  <org.jeecgframework.core.common.model.common.DBTable>
    <tableName>cgform_button</tableName>
    <tableEntityClass>org.jeecgframework.web.cgform.entity.button.CgformButtonEntity</tableEntityClass>
    <tableData/>
  </org.jeecgframework.core.common.model.common.DBTable>
  <org.jeecgframework.core.common.model.common.DBTable>
    <tableName>cgform_enhance_js</tableName>
    <tableEntityClass>org.jeecgframework.web.cgform.entity.enhance.CgformEnhanceJsEntity</tableEntityClass>
    <tableData/>
  </org.jeecgframework.core.common.model.common.DBTable>
  <org.jeecgframework.core.common.model.common.DBTable>
    <tableName>cgform_button_sql</tableName>
    <tableEntityClass>org.jeecgframework.web.cgform.entity.button.CgformButtonSqlEntity</tableEntityClass>
    <tableData/>
  </org.jeecgframework.core.common.model.common.DBTable>
  <org.jeecgframework.core.common.model.common.DBTable>
    <tableName>cgform_ftl</tableName>
    <tableEntityClass>org.jeecgframework.web.cgform.entity.cgformftl.CgformFtlEntity</tableEntityClass>
    <tableData/>
  </org.jeecgframework.core.common.model.common.DBTable>
  <org.jeecgframework.core.common.model.common.DBTable>
    <tableName>cgform_uploadfiles</tableName>
    <tableEntityClass>org.jeecgframework.web.cgform.entity.upload.CgUploadEntity</tableEntityClass>
    <tableData/>
  </org.jeecgframework.core.common.model.common.DBTable>
</list>