<?xml version="1.0" encoding="UTF-8" ?>
<list>
  <org.jeecgframework.core.common.model.common.DBTable>
    <tableName>cgform_head</tableName>
    <tableEntityClass>org.jeecgframework.web.cgform.pojo.config.CgFormHeadPojo</tableEntityClass>
    <tableData>
      <org.jeecgframework.web.cgform.pojo.config.CgFormHeadPojo>
        <id>297ef90565bd45230165bd7e4dd50033</id>
        <tableName>class_item</tableName>
        <isTree>N</isTree>
        <isPagination>Y</isPagination>
        <isDbsynch>Y</isDbsynch>
        <isCheckbox>N</isCheckbox>
        <querymode>single</querymode>
        <content>班级表</content>
        <createDate class="sql-timestamp">2018-09-09 08:41:35.0</createDate>
        <createBy>admin</createBy>
        <createName>管理员</createName>
        <updateDate class="sql-timestamp">2018-09-11 07:54:07.0</updateDate>
        <updateBy>admin</updateBy>
        <updateName>管理员</updateName>
        <jformVersion>1</jformVersion>
        <jformType>1</jformType>
        <jformPkType>UUID</jformPkType>
        <jformPkSequence></jformPkSequence>
        <relationType>0</relationType>
        <treeIdFieldname>id</treeIdFieldname>
        <jformCategory>bdfl_include</jformCategory>
        <formTemplate></formTemplate>
        <formTemplateMobile></formTemplateMobile>
        <tableType></tableType>
      </org.jeecgframework.web.cgform.pojo.config.CgFormHeadPojo>
    </tableData>
  </org.jeecgframework.core.common.model.common.DBTable>
  <org.jeecgframework.core.common.model.common.DBTable>
    <tableName>cgform_index</tableName>
    <tableEntityClass>org.jeecgframework.web.cgform.pojo.config.CgFormIndexPojo</tableEntityClass>
    <tableData/>
  </org.jeecgframework.core.common.model.common.DBTable>
  <org.jeecgframework.core.common.model.common.DBTable>
    <tableName>cgform_field</tableName>
    <tableEntityClass>org.jeecgframework.web.cgform.pojo.config.CgFormFieldPojo</tableEntityClass>
    <tableData>
      <org.jeecgframework.web.cgform.pojo.config.CgFormFieldPojo>
        <id>297ef90565bd45230165bd7e4dd60034</id>
        <fieldName>id</fieldName>
        <tableId>297ef90565bd45230165bd7e4dd50033</tableId>
        <length>36</length>
        <pointLength>0</pointLength>
        <type>string</type>
        <isNull>N</isNull>
        <orderNum>1</orderNum>
        <isKey>Y</isKey>
        <isShow>N</isShow>
        <isShowList>N</isShowList>
        <showType>text</showType>
        <isQuery>N</isQuery>
        <fieldLength>120</fieldLength>
        <fieldHref></fieldHref>
        <fieldValidType></fieldValidType>
        <queryMode>single</queryMode>
        <content>主键</content>
        <createDate class="sql-timestamp">2018-09-09 08:41:35.0</createDate>
        <createBy>admin</createBy>
        <createName>管理员</createName>
        <dictField></dictField>
        <dictTable></dictTable>
        <dictText></dictText>
        <mainTable></mainTable>
        <mainField></mainField>
        <oldFieldName>id</oldFieldName>
        <fieldDefault></fieldDefault>
      </org.jeecgframework.web.cgform.pojo.config.CgFormFieldPojo>
      <org.jeecgframework.web.cgform.pojo.config.CgFormFieldPojo>
        <id>297ef90565bd45230165bd7e4dd70035</id>
        <fieldName>name</fieldName>
        <tableId>297ef90565bd45230165bd7e4dd50033</tableId>
        <length>32</length>
        <pointLength>0</pointLength>
        <type>string</type>
        <isNull>Y</isNull>
        <orderNum>2</orderNum>
        <isKey>N</isKey>
        <isShow>Y</isShow>
        <isShowList>Y</isShowList>
        <showType>text</showType>
        <isQuery>N</isQuery>
        <fieldLength>120</fieldLength>
        <fieldHref></fieldHref>
        <fieldValidType></fieldValidType>
        <queryMode>single</queryMode>
        <content>班级名称</content>
        <createDate class="sql-timestamp">2018-09-09 08:41:35.0</createDate>
        <createBy>admin</createBy>
        <createName>管理员</createName>
        <dictField></dictField>
        <dictTable></dictTable>
        <dictText></dictText>
        <mainTable></mainTable>
        <mainField></mainField>
        <oldFieldName>name</oldFieldName>
        <fieldDefault></fieldDefault>
      </org.jeecgframework.web.cgform.pojo.config.CgFormFieldPojo>
      <org.jeecgframework.web.cgform.pojo.config.CgFormFieldPojo>
        <id>297ef90565bd45230165bd7e4dd90036</id>
        <fieldName>create_date</fieldName>
        <tableId>297ef90565bd45230165bd7e4dd50033</tableId>
        <length>20</length>
        <pointLength>0</pointLength>
        <type>Date</type>
        <isNull>Y</isNull>
        <orderNum>3</orderNum>
        <isKey>N</isKey>
        <isShow>N</isShow>
        <isShowList>N</isShowList>
        <showType>date</showType>
        <isQuery>N</isQuery>
        <fieldLength>120</fieldLength>
        <fieldHref></fieldHref>
        <fieldValidType></fieldValidType>
        <queryMode>single</queryMode>
        <content>创建日期</content>
        <createDate class="sql-timestamp">2018-09-09 08:41:35.0</createDate>
        <createBy>admin</createBy>
        <createName>管理员</createName>
        <dictField></dictField>
        <dictTable></dictTable>
        <dictText></dictText>
        <mainTable></mainTable>
        <mainField></mainField>
        <oldFieldName>create_date</oldFieldName>
        <fieldDefault></fieldDefault>
      </org.jeecgframework.web.cgform.pojo.config.CgFormFieldPojo>
      <org.jeecgframework.web.cgform.pojo.config.CgFormFieldPojo>
        <id>297ef90565bd45230165bd7e4dd90037</id>
        <fieldName>update_date</fieldName>
        <tableId>297ef90565bd45230165bd7e4dd50033</tableId>
        <length>20</length>
        <pointLength>0</pointLength>
        <type>Date</type>
        <isNull>Y</isNull>
        <orderNum>4</orderNum>
        <isKey>N</isKey>
        <isShow>N</isShow>
        <isShowList>N</isShowList>
        <showType>date</showType>
        <isQuery>N</isQuery>
        <fieldLength>120</fieldLength>
        <fieldHref></fieldHref>
        <fieldValidType></fieldValidType>
        <queryMode>single</queryMode>
        <content>更新日期</content>
        <createDate class="sql-timestamp">2018-09-09 08:41:35.0</createDate>
        <createBy>admin</createBy>
        <createName>管理员</createName>
        <dictField></dictField>
        <dictTable></dictTable>
        <dictText></dictText>
        <mainTable></mainTable>
        <mainField></mainField>
        <oldFieldName>update_date</oldFieldName>
        <fieldDefault></fieldDefault>
      </org.jeecgframework.web.cgform.pojo.config.CgFormFieldPojo>
    </tableData>
  </org.jeecgframework.core.common.model.common.DBTable>
  <org.jeecgframework.core.common.model.common.DBTable>
    <tableName>cgform_button</tableName>
    <tableEntityClass>org.jeecgframework.web.cgform.entity.button.CgformButtonEntity</tableEntityClass>
    <tableData/>
  </org.jeecgframework.core.common.model.common.DBTable>
  <org.jeecgframework.core.common.model.common.DBTable>
    <tableName>cgform_enhance_js</tableName>
    <tableEntityClass>org.jeecgframework.web.cgform.entity.enhance.CgformEnhanceJsEntity</tableEntityClass>
    <tableData/>
  </org.jeecgframework.core.common.model.common.DBTable>
  <org.jeecgframework.core.common.model.common.DBTable>
    <tableName>cgform_button_sql</tableName>
    <tableEntityClass>org.jeecgframework.web.cgform.entity.button.CgformButtonSqlEntity</tableEntityClass>
    <tableData/>
  </org.jeecgframework.core.common.model.common.DBTable>
  <org.jeecgframework.core.common.model.common.DBTable>
    <tableName>cgform_ftl</tableName>
    <tableEntityClass>org.jeecgframework.web.cgform.entity.cgformftl.CgformFtlEntity</tableEntityClass>
    <tableData/>
  </org.jeecgframework.core.common.model.common.DBTable>
  <org.jeecgframework.core.common.model.common.DBTable>
    <tableName>cgform_uploadfiles</tableName>
    <tableEntityClass>org.jeecgframework.web.cgform.entity.upload.CgUploadEntity</tableEntityClass>
    <tableData/>
  </org.jeecgframework.core.common.model.common.DBTable>
</list>