<?xml version="1.0" encoding="UTF-8" ?>
<list>
  <org.jeecgframework.core.common.model.common.DBTable>
    <tableName>cgform_head</tableName>
    <tableEntityClass>org.jeecgframework.web.cgform.pojo.config.CgFormHeadPojo</tableEntityClass>
    <tableData>
      <org.jeecgframework.web.cgform.pojo.config.CgFormHeadPojo>
        <id>297ef90565be17050165be3c72100023</id>
        <tableName>file_info</tableName>
        <isTree>N</isTree>
        <isPagination>Y</isPagination>
        <isDbsynch>Y</isDbsynch>
        <isCheckbox>N</isCheckbox>
        <querymode>single</querymode>
        <content>文件信息表</content>
        <createDate class="sql-timestamp">2018-09-09 12:09:17.0</createDate>
        <createBy>admin</createBy>
        <createName>管理员</createName>
        <updateDate class="sql-timestamp">2018-10-10 08:41:11.0</updateDate>
        <updateBy>admin</updateBy>
        <updateName>管理员</updateName>
        <jformVersion>27</jformVersion>
        <jformType>3</jformType>
        <jformPkType>UUID</jformPkType>
        <jformPkSequence></jformPkSequence>
        <relationType>0</relationType>
        <tabOrder>2</tabOrder>
        <treeIdFieldname>id</treeIdFieldname>
        <jformCategory>bdfl_ptbd</jformCategory>
        <formTemplate></formTemplate>
        <formTemplateMobile></formTemplateMobile>
        <tableType></tableType>
      </org.jeecgframework.web.cgform.pojo.config.CgFormHeadPojo>
    </tableData>
  </org.jeecgframework.core.common.model.common.DBTable>
  <org.jeecgframework.core.common.model.common.DBTable>
    <tableName>cgform_index</tableName>
    <tableEntityClass>org.jeecgframework.web.cgform.pojo.config.CgFormIndexPojo</tableEntityClass>
    <tableData/>
  </org.jeecgframework.core.common.model.common.DBTable>
  <org.jeecgframework.core.common.model.common.DBTable>
    <tableName>cgform_field</tableName>
    <tableEntityClass>org.jeecgframework.web.cgform.pojo.config.CgFormFieldPojo</tableEntityClass>
    <tableData>
      <org.jeecgframework.web.cgform.pojo.config.CgFormFieldPojo>
        <id>297ef90565be17050165be3c721e0024</id>
        <fieldName>id</fieldName>
        <tableId>297ef90565be17050165be3c72100023</tableId>
        <length>36</length>
        <pointLength>0</pointLength>
        <type>string</type>
        <isNull>N</isNull>
        <orderNum>1</orderNum>
        <isKey>Y</isKey>
        <isShow>N</isShow>
        <isShowList>N</isShowList>
        <showType>text</showType>
        <isQuery>N</isQuery>
        <fieldLength>120</fieldLength>
        <fieldHref></fieldHref>
        <fieldValidType></fieldValidType>
        <queryMode>single</queryMode>
        <content>主键</content>
        <createDate class="sql-timestamp">2018-09-09 12:09:17.0</createDate>
        <createBy>admin</createBy>
        <createName>管理员</createName>
        <updateDate class="sql-timestamp">2018-10-09 07:42:09.0</updateDate>
        <updateBy>admin</updateBy>
        <updateName>管理员</updateName>
        <dictField></dictField>
        <dictTable></dictTable>
        <dictText></dictText>
        <mainTable></mainTable>
        <mainField></mainField>
        <oldFieldName>id</oldFieldName>
        <fieldDefault></fieldDefault>
      </org.jeecgframework.web.cgform.pojo.config.CgFormFieldPojo>
      <org.jeecgframework.web.cgform.pojo.config.CgFormFieldPojo>
        <id>4028b88165be15580165be4258020044</id>
        <fieldName>name</fieldName>
        <tableId>297ef90565be17050165be3c72100023</tableId>
        <length>32</length>
        <pointLength>0</pointLength>
        <type>string</type>
        <isNull>Y</isNull>
        <orderNum>2</orderNum>
        <isKey>N</isKey>
        <isShow>Y</isShow>
        <isShowList>Y</isShowList>
        <showType>text</showType>
        <isQuery>N</isQuery>
        <fieldLength>120</fieldLength>
        <fieldHref></fieldHref>
        <fieldValidType></fieldValidType>
        <queryMode>single</queryMode>
        <content>文件名称</content>
        <createDate class="sql-timestamp">2018-09-09 12:15:43.0</createDate>
        <createBy>admin</createBy>
        <createName>管理员</createName>
        <updateDate class="sql-timestamp">2018-10-09 07:42:09.0</updateDate>
        <updateBy>admin</updateBy>
        <updateName>管理员</updateName>
        <dictField></dictField>
        <dictTable></dictTable>
        <dictText></dictText>
        <mainTable></mainTable>
        <mainField></mainField>
        <oldFieldName>name</oldFieldName>
        <fieldDefault></fieldDefault>
      </org.jeecgframework.web.cgform.pojo.config.CgFormFieldPojo>
      <org.jeecgframework.web.cgform.pojo.config.CgFormFieldPojo>
        <id>4028b88165be15580165be433e160048</id>
        <fieldName>course_id</fieldName>
        <tableId>297ef90565be17050165be3c72100023</tableId>
        <length>36</length>
        <pointLength>0</pointLength>
        <type>string</type>
        <isNull>Y</isNull>
        <orderNum>4</orderNum>
        <isKey>N</isKey>
        <isShow>N</isShow>
        <isShowList>N</isShowList>
        <showType>list</showType>
        <isQuery>N</isQuery>
        <fieldLength>120</fieldLength>
        <fieldHref></fieldHref>
        <fieldValidType></fieldValidType>
        <queryMode>single</queryMode>
        <content>课程编号</content>
        <createDate class="sql-timestamp">2018-09-09 12:16:42.0</createDate>
        <createBy>admin</createBy>
        <createName>管理员</createName>
        <updateDate class="sql-timestamp">2018-10-09 07:42:09.0</updateDate>
        <updateBy>admin</updateBy>
        <updateName>管理员</updateName>
        <dictField></dictField>
        <dictTable></dictTable>
        <dictText></dictText>
        <mainTable>course</mainTable>
        <mainField>id</mainField>
        <oldFieldName>course_id</oldFieldName>
        <fieldDefault></fieldDefault>
      </org.jeecgframework.web.cgform.pojo.config.CgFormFieldPojo>
      <org.jeecgframework.web.cgform.pojo.config.CgFormFieldPojo>
        <id>4028b88165be15580165be4465d2004c</id>
        <fieldName>file_describe</fieldName>
        <tableId>297ef90565be17050165be3c72100023</tableId>
        <length>1000</length>
        <pointLength>0</pointLength>
        <type>string</type>
        <isNull>Y</isNull>
        <orderNum>3</orderNum>
        <isKey>N</isKey>
        <isShow>Y</isShow>
        <isShowList>Y</isShowList>
        <showType>textarea</showType>
        <isQuery>N</isQuery>
        <fieldLength>120</fieldLength>
        <fieldHref></fieldHref>
        <fieldValidType></fieldValidType>
        <queryMode>single</queryMode>
        <content>文件描述</content>
        <createDate class="sql-timestamp">2018-09-09 12:17:58.0</createDate>
        <createBy>admin</createBy>
        <createName>管理员</createName>
        <updateDate class="sql-timestamp">2018-10-09 07:42:09.0</updateDate>
        <updateBy>admin</updateBy>
        <updateName>管理员</updateName>
        <dictField></dictField>
        <dictTable></dictTable>
        <dictText></dictText>
        <mainTable></mainTable>
        <mainField></mainField>
        <oldFieldName>describe</oldFieldName>
        <fieldDefault></fieldDefault>
      </org.jeecgframework.web.cgform.pojo.config.CgFormFieldPojo>
      <org.jeecgframework.web.cgform.pojo.config.CgFormFieldPojo>
        <id>4028b88165be15580165be4a48a50054</id>
        <fieldName>type</fieldName>
        <tableId>297ef90565be17050165be3c72100023</tableId>
        <length>2</length>
        <pointLength>0</pointLength>
        <type>int</type>
        <isNull>Y</isNull>
        <orderNum>5</orderNum>
        <isKey>N</isKey>
        <isShow>Y</isShow>
        <isShowList>Y</isShowList>
        <showType>list</showType>
        <isQuery>N</isQuery>
        <fieldLength>120</fieldLength>
        <fieldHref></fieldHref>
        <fieldValidType></fieldValidType>
        <queryMode>single</queryMode>
        <content>文件类型</content>
        <createDate class="sql-timestamp">2018-09-09 12:24:23.0</createDate>
        <createBy>admin</createBy>
        <createName>管理员</createName>
        <updateDate class="sql-timestamp">2018-10-09 07:42:09.0</updateDate>
        <updateBy>admin</updateBy>
        <updateName>管理员</updateName>
        <dictField>file_type</dictField>
        <dictTable></dictTable>
        <dictText></dictText>
        <mainTable></mainTable>
        <mainField></mainField>
        <oldFieldName>type</oldFieldName>
        <fieldDefault></fieldDefault>
      </org.jeecgframework.web.cgform.pojo.config.CgFormFieldPojo>
      <org.jeecgframework.web.cgform.pojo.config.CgFormFieldPojo>
        <id>4028b88165be15580165be4a48a60056</id>
        <fieldName>download_num</fieldName>
        <tableId>297ef90565be17050165be3c72100023</tableId>
        <length>32</length>
        <pointLength>0</pointLength>
        <type>int</type>
        <isNull>Y</isNull>
        <orderNum>7</orderNum>
        <isKey>N</isKey>
        <isShow>N</isShow>
        <isShowList>Y</isShowList>
        <showType>text</showType>
        <isQuery>N</isQuery>
        <fieldLength>120</fieldLength>
        <fieldHref></fieldHref>
        <fieldValidType></fieldValidType>
        <queryMode>single</queryMode>
        <content>下载量</content>
        <createDate class="sql-timestamp">2018-09-09 12:24:23.0</createDate>
        <createBy>admin</createBy>
        <createName>管理员</createName>
        <updateDate class="sql-timestamp">2018-10-09 07:42:09.0</updateDate>
        <updateBy>admin</updateBy>
        <updateName>管理员</updateName>
        <dictField></dictField>
        <dictTable></dictTable>
        <dictText></dictText>
        <mainTable></mainTable>
        <mainField></mainField>
        <oldFieldName>download_num</oldFieldName>
        <fieldDefault></fieldDefault>
      </org.jeecgframework.web.cgform.pojo.config.CgFormFieldPojo>
      <org.jeecgframework.web.cgform.pojo.config.CgFormFieldPojo>
        <id>4028b88165be15580165be4a48a70057</id>
        <fieldName>browse_num</fieldName>
        <tableId>297ef90565be17050165be3c72100023</tableId>
        <length>32</length>
        <pointLength>0</pointLength>
        <type>int</type>
        <isNull>Y</isNull>
        <orderNum>8</orderNum>
        <isKey>N</isKey>
        <isShow>N</isShow>
        <isShowList>Y</isShowList>
        <showType>text</showType>
        <isQuery>N</isQuery>
        <fieldLength>120</fieldLength>
        <fieldHref></fieldHref>
        <fieldValidType></fieldValidType>
        <queryMode>single</queryMode>
        <content>浏览量</content>
        <createDate class="sql-timestamp">2018-09-09 12:24:23.0</createDate>
        <createBy>admin</createBy>
        <createName>管理员</createName>
        <updateDate class="sql-timestamp">2018-10-09 07:42:09.0</updateDate>
        <updateBy>admin</updateBy>
        <updateName>管理员</updateName>
        <dictField></dictField>
        <dictTable></dictTable>
        <dictText></dictText>
        <mainTable></mainTable>
        <mainField></mainField>
        <oldFieldName>browse_num</oldFieldName>
        <fieldDefault></fieldDefault>
      </org.jeecgframework.web.cgform.pojo.config.CgFormFieldPojo>
      <org.jeecgframework.web.cgform.pojo.config.CgFormFieldPojo>
        <id>4028b88165be15580165be4a48a70058</id>
        <fieldName>create_date</fieldName>
        <tableId>297ef90565be17050165be3c72100023</tableId>
        <length>20</length>
        <pointLength>0</pointLength>
        <type>Date</type>
        <isNull>Y</isNull>
        <orderNum>9</orderNum>
        <isKey>N</isKey>
        <isShow>N</isShow>
        <isShowList>N</isShowList>
        <showType>text</showType>
        <isQuery>N</isQuery>
        <fieldLength>120</fieldLength>
        <fieldHref></fieldHref>
        <fieldValidType></fieldValidType>
        <queryMode>single</queryMode>
        <content>创建时间</content>
        <createDate class="sql-timestamp">2018-09-09 12:24:23.0</createDate>
        <createBy>admin</createBy>
        <createName>管理员</createName>
        <updateDate class="sql-timestamp">2018-10-09 07:42:09.0</updateDate>
        <updateBy>admin</updateBy>
        <updateName>管理员</updateName>
        <dictField></dictField>
        <dictTable></dictTable>
        <dictText></dictText>
        <mainTable></mainTable>
        <mainField></mainField>
        <oldFieldName>create_date</oldFieldName>
        <fieldDefault></fieldDefault>
      </org.jeecgframework.web.cgform.pojo.config.CgFormFieldPojo>
      <org.jeecgframework.web.cgform.pojo.config.CgFormFieldPojo>
        <id>4028b88165be15580165be4a48a80059</id>
        <fieldName>update_date</fieldName>
        <tableId>297ef90565be17050165be3c72100023</tableId>
        <length>20</length>
        <pointLength>0</pointLength>
        <type>Date</type>
        <isNull>Y</isNull>
        <orderNum>10</orderNum>
        <isKey>N</isKey>
        <isShow>N</isShow>
        <isShowList>N</isShowList>
        <showType>text</showType>
        <isQuery>N</isQuery>
        <fieldLength>120</fieldLength>
        <fieldHref></fieldHref>
        <fieldValidType></fieldValidType>
        <queryMode>single</queryMode>
        <content>最后一次更新时间</content>
        <createDate class="sql-timestamp">2018-09-09 12:24:23.0</createDate>
        <createBy>admin</createBy>
        <createName>管理员</createName>
        <updateDate class="sql-timestamp">2018-10-09 07:42:09.0</updateDate>
        <updateBy>admin</updateBy>
        <updateName>管理员</updateName>
        <dictField></dictField>
        <dictTable></dictTable>
        <dictText></dictText>
        <mainTable></mainTable>
        <mainField></mainField>
        <oldFieldName>update_date</oldFieldName>
        <fieldDefault></fieldDefault>
      </org.jeecgframework.web.cgform.pojo.config.CgFormFieldPojo>
      <org.jeecgframework.web.cgform.pojo.config.CgFormFieldPojo>
        <id>4028b88165be15580165be4c2d86005d</id>
        <fieldName>file_url</fieldName>
        <tableId>297ef90565be17050165be3c72100023</tableId>
        <length>200</length>
        <pointLength>0</pointLength>
        <type>string</type>
        <isNull>Y</isNull>
        <orderNum>6</orderNum>
        <isKey>N</isKey>
        <isShow>Y</isShow>
        <isShowList>Y</isShowList>
        <showType>file</showType>
        <isQuery>N</isQuery>
        <fieldLength>120</fieldLength>
        <fieldHref></fieldHref>
        <fieldValidType></fieldValidType>
        <queryMode>single</queryMode>
        <content>文件路径</content>
        <createDate class="sql-timestamp">2018-09-09 12:26:28.0</createDate>
        <createBy>admin</createBy>
        <createName>管理员</createName>
        <updateDate class="sql-timestamp">2018-10-09 07:42:09.0</updateDate>
        <updateBy>admin</updateBy>
        <updateName>管理员</updateName>
        <dictField></dictField>
        <dictTable></dictTable>
        <dictText></dictText>
        <mainTable></mainTable>
        <mainField></mainField>
        <oldFieldName>file_url</oldFieldName>
        <fieldDefault></fieldDefault>
      </org.jeecgframework.web.cgform.pojo.config.CgFormFieldPojo>
    </tableData>
  </org.jeecgframework.core.common.model.common.DBTable>
  <org.jeecgframework.core.common.model.common.DBTable>
    <tableName>cgform_button</tableName>
    <tableEntityClass>org.jeecgframework.web.cgform.entity.button.CgformButtonEntity</tableEntityClass>
    <tableData/>
  </org.jeecgframework.core.common.model.common.DBTable>
  <org.jeecgframework.core.common.model.common.DBTable>
    <tableName>cgform_enhance_js</tableName>
    <tableEntityClass>org.jeecgframework.web.cgform.entity.enhance.CgformEnhanceJsEntity</tableEntityClass>
    <tableData/>
  </org.jeecgframework.core.common.model.common.DBTable>
  <org.jeecgframework.core.common.model.common.DBTable>
    <tableName>cgform_button_sql</tableName>
    <tableEntityClass>org.jeecgframework.web.cgform.entity.button.CgformButtonSqlEntity</tableEntityClass>
    <tableData/>
  </org.jeecgframework.core.common.model.common.DBTable>
  <org.jeecgframework.core.common.model.common.DBTable>
    <tableName>cgform_ftl</tableName>
    <tableEntityClass>org.jeecgframework.web.cgform.entity.cgformftl.CgformFtlEntity</tableEntityClass>
    <tableData/>
  </org.jeecgframework.core.common.model.common.DBTable>
  <org.jeecgframework.core.common.model.common.DBTable>
    <tableName>cgform_uploadfiles</tableName>
    <tableEntityClass>org.jeecgframework.web.cgform.entity.upload.CgUploadEntity</tableEntityClass>
    <tableData/>
  </org.jeecgframework.core.common.model.common.DBTable>
</list>